,Unnamed: 0.4,Unnamed: 0.3,Unnamed: 0.2,Unnamed: 0.1,Unnamed: 0,last_name,first_name,player_id_x,display_team_name,year_x,primary_pos_formatted,fielding_runs_prevented,outs_above_average_x,outs_above_average_infront,outs_above_average_lateral_toward3bline,outs_above_average_lateral_toward1bline,outs_above_average_behind,outs_above_average_rhh,outs_above_average_lhh,actual_success_rate_formatted,adj_estimated_success_rate_formatted,diff_success_rate_formatted,player_id_y,team_id,team,position,age,competitive_runs,bolts,hp_to_1b,sprint_speed,resp_fielder_id,year_y,outs_above_average_y,outs_per_play,rel_league_burst_distance,rel_league_reaction_distance,rel_league_routing_distance,rel_league_bootup_distance,f_bootup_distance,n,n_outs
0,0,0,0,0,0,Abreu,Jose,547989.0,White Sox,,1B,3.0,4.0,-1.0,3.0,1.0,1.0,-1.0,5.0,81%,78%,3%,547989.0,145.0,CWS,1B,33.0,87.0,,4.6,26.8,,,,,,,,,,,
1,1,1,1,1,1,Acuna Jr.,Ronald,660670.0,Braves,,RF,1.0,1.0,-1.0,0.0,2.0,0.0,0.0,1.0,92%,91%,1%,660670.0,144.0,ATL,CF,22.0,54.0,10.0,4.32,29.2,660670.0,2020.0,0.0,47.4,-1.0,-1.4,0.9,-0.7,32.1,19.0,9.0
2,2,2,2,2,2,Adames,Willy,642715.0,Rays,,SS,-1.0,-1.0,0.0,1.0,-1.0,0.0,-1.0,0.0,71%,72%,-1%,642715.0,139.0,TB,SS,24.0,88.0,,4.34,28.2,,,,,,,,,,,
3,3,3,3,3,3,Adams,Matt,571431.0,Braves,,1B,0.0,0.0,0.0,0.0,0.0,0.0,0.0,0.0,100%,91%,9%,571431.0,144.0,ATL,DH,31.0,11.0,,,25.1,,,,,,,,,,,
4,4,4,4,4,4,Adell,Jo,666176.0,Angels,,LF,-3.0,-4.0,-1.0,-3.0,0.0,-1.0,-1.0,-3.0,83%,87%,-4%,666176.0,108.0,LAA,RF,21.0,30.0,10.0,4.4,29.3,666176.0,2020.0,-2.0,47.8,0.3,0.2,-1.1,-0.4,32.9,23.0,11.0
5,5,5,5,5,5,Adrianza,Ehire,501303.0,Twins,,SS,2.0,3.0,3.0,-1.0,2.0,0.0,1.0,2.0,69%,66%,3%,501303.0,142.0,MIN,3B,30.0,26.0,,,26.2,,,,,,,,,,,
6,6,6,6,6,6,Aguilar,Jesus,542583.0,Marlins,,1B,-4.0,-5.0,-1.0,-5.0,0.0,-1.0,-2.0,-4.0,54%,61%,-7%,542583.0,146.0,MIA,1B,30.0,57.0,,4.93,24.5,,,,,,,,,,,
7,7,7,7,7,7,Ahmed,Nick,605113.0,D-backs,,SS,6.0,8.0,2.0,3.0,2.0,1.0,8.0,0.0,76%,72%,4%,605113.0,109.0,AZ,SS,30.0,84.0,1.0,4.42,28.1,,,,,,,,,,,
8,8,8,8,8,8,Akiyama,Shogo,673451.0,Reds,,CF,1.0,1.0,0.0,2.0,-1.0,0.0,1.0,0.0,92%,91%,1%,673451.0,113.0,CIN,LF,32.0,73.0,,4.13,27.7,673451.0,2020.0,1.0,63.2,0.4,-0.2,0.8,0.7,33.8,19.0,12.0
9,9,9,9,9,9,Alberto,Hanser,593643.0,Orioles,,2B,-2.0,-3.0,1.0,-2.0,0.0,-2.0,-5.0,2.0,77%,79%,-2%,593643.0,110.0,BAL,2B,27.0,95.0,,4.37,26.8,,,,,,,,,,,
10,10,10,10,10,10,Albies,Ozzie,645277.0,Braves,,2B,2.0,3.0,0.0,1.0,3.0,0.0,1.0,2.0,81%,78%,3%,645277.0,144.0,ATL,2B,23.0,55.0,7.0,4.08,28.1,,,,,,,,,,,
11,11,11,11,11,11,Alcantara,Sergio,642727.0,Tigers,,SS,-1.0,-2.0,0.0,0.0,-1.0,0.0,-2.0,1.0,46%,53%,-7%,642727.0,116.0,DET,3B,23.0,7.0,,,26.5,,,,,,,,,,,
12,12,12,12,12,12,Alfaro,Jorge,595751.0,Marlins,,LF,-1.0,-1.0,0.0,0.0,0.0,-1.0,-1.0,0.0,0%,75%,-75%,595751.0,146.0,MIA,C,27.0,29.0,,4.4,28.0,,,,,,,,,,,
13,13,13,13,13,13,Alford,Anthony,546990.0,---,,LF,-1.0,-1.0,-1.0,0.0,-1.0,0.0,-1.0,-1.0,67%,78%,-11%,546990.0,134.0,PIT,CF,25.0,12.0,5.0,,29.3,,,,,,,,,,,
14,14,14,14,14,14,Allen,Greg,656185.0,---,,CF,1.0,1.0,0.0,1.0,0.0,0.0,1.0,0.0,95%,92%,3%,,,,,,,,,,,,,,,,,,,,
15,15,15,15,15,15,Almonte,Abraham,501659.0,Padres,,LF,0.0,0.0,0.0,0.0,0.0,0.0,0.0,0.0,100%,98%,2%,,,,,,,,,,,,,,,,,,,,
16,16,16,16,16,16,Almora Jr.,Albert,546991.0,Cubs,,CF,0.0,0.0,0.0,0.0,-1.0,0.0,-1.0,1.0,86%,86%,0%,546991.0,112.0,CHC,CF,26.0,15.0,,,27.0,546991.0,2020.0,0.0,44.4,-0.1,1.5,0.8,1.6,36.2,9.0,4.0
17,17,17,17,17,17,Alonso,Pete,624413.0,Mets,,1B,-4.0,-5.0,-2.0,0.0,-3.0,0.0,-1.0,-4.0,63%,70%,-7%,624413.0,121.0,NYM,1B,25.0,55.0,,4.61,26.2,,,,,,,,,,,
18,18,18,18,18,18,Altuve,Jose,514888.0,Astros,,2B,-5.0,-6.0,-1.0,1.0,-4.0,-2.0,0.0,-7.0,74%,77%,-3%,514888.0,117.0,HOU,2B,30.0,90.0,17.0,4.23,28.4,,,,,,,,,,,
19,19,19,19,19,19,Alvarez,Eddy,657193.0,Marlins,,3B,-1.0,-1.0,-1.0,0.0,0.0,0.0,-1.0,0.0,77%,79%,-2%,657193.0,146.0,MIA,2B,30.0,14.0,,,27.3,,,,,,,,,,,
20,20,20,20,20,20,Anderson,Brian,605119.0,Marlins,,3B,3.0,4.0,3.0,0.0,1.0,1.0,2.0,3.0,74%,72%,2%,605119.0,146.0,MIA,3B,27.0,72.0,,4.53,26.4,,,,,,,,,,,
21,21,21,21,21,21,Anderson,Tim,641313.0,White Sox,,SS,2.0,3.0,4.0,0.0,-1.0,-1.0,0.0,3.0,76%,74%,2%,641313.0,145.0,CWS,SS,27.0,97.0,14.0,4.17,28.7,,,,,,,,,,,
22,22,22,22,22,22,Andrus,Elvis,462101.0,Rangers,,SS,-1.0,-2.0,2.0,1.0,-4.0,0.0,-3.0,1.0,75%,77%,-2%,462101.0,140.0,TEX,SS,31.0,45.0,,4.48,26.3,,,,,,,,,,,
23,23,23,23,23,23,Andujar,Miguel,609280.0,Yankees,,3B,-3.0,-3.0,-1.0,-2.0,-1.0,0.0,-3.0,-1.0,44%,57%,-13%,609280.0,147.0,NYY,DH,25.0,25.0,,4.55,26.5,,,,,,,,,,,
24,24,24,24,24,24,Apostel,Sherten,665947.0,Rangers,,1B,-2.0,-3.0,-2.0,-1.0,-1.0,0.0,-1.0,-2.0,55%,70%,-15%,665947.0,140.0,TEX,1B,21.0,9.0,,,25.3,,,,,,,,,,,
25,25,25,25,25,25,Aquino,Aristides,606157.0,Reds,,RF,0.0,0.0,0.0,0.0,0.0,0.0,0.0,0.0,92%,90%,2%,606157.0,113.0,CIN,LF,26.0,17.0,,,27.9,,,,,,,,,,,
26,26,26,26,26,26,Arauz,Jonathan,660620.0,Red Sox,,2B,-3.0,-4.0,-1.0,-3.0,0.0,0.0,-1.0,-3.0,67%,72%,-5%,660620.0,111.0,BOS,2B,21.0,19.0,,,25.9,,,,,,,,,,,
27,27,27,27,27,27,Arcia,Orlando,606115.0,Brewers,,SS,1.0,1.0,1.0,0.0,0.0,-1.0,1.0,0.0,71%,70%,1%,606115.0,158.0,MIL,SS,25.0,62.0,,4.58,26.2,,,,,,,,,,,
28,28,28,28,28,28,Arenado,Nolan,571448.0,Rockies,,3B,4.0,6.0,1.0,0.0,3.0,1.0,6.0,0.0,76%,73%,3%,571448.0,115.0,COL,3B,29.0,54.0,,4.79,24.8,,,,,,,,,,,
29,29,29,29,29,29,Arozarena,Randy,668227.0,Rays,,LF,-2.0,-2.0,-1.0,-1.0,-1.0,0.0,0.0,-2.0,76%,80%,-4%,668227.0,139.0,TB,LF,25.0,49.0,1.0,4.32,28.8,668227.0,2020.0,-1.0,25.0,1.7,0.4,-0.9,1.1,34.0,12.0,3.0
30,30,30,30,30,30,Arraez,Luis,650333.0,Twins,,2B,-2.0,-3.0,-2.0,-2.0,0.0,1.0,0.0,-3.0,77%,79%,-2%,650333.0,142.0,MIN,2B,23.0,54.0,,4.49,26.5,,,,,,,,,,,
31,31,31,31,31,31,Arroyo,Christian,624414.0,Red Sox,,2B,-2.0,-2.0,-1.0,-1.0,-1.0,0.0,-3.0,1.0,72%,76%,-4%,624414.0,111.0,BOS,2B,25.0,20.0,,4.52,27.2,,,,,,,,,,,
32,32,32,32,32,32,Bader,Harrison,664056.0,Cardinals,,CF,3.0,3.0,1.0,2.0,0.0,0.0,2.0,2.0,91%,87%,4%,664056.0,138.0,STL,CF,26.0,35.0,12.0,4.17,29.5,664056.0,2020.0,3.0,65.0,2.5,0.5,0.2,3.2,37.4,20.0,13.0
33,33,33,33,33,33,Barnhart,Tucker,571466.0,Reds,,1B,0.0,0.0,0.0,0.0,0.0,0.0,0.0,0.0,100%,87%,13%,571466.0,113.0,CIN,C,29.0,20.0,,4.73,24.3,,,,,,,,,,,
34,34,34,34,34,34,Barrero,Jose,676480.0,Reds,,SS,0.0,1.0,0.0,2.0,-1.0,-1.0,1.0,0.0,73%,72%,1%,676480.0,113.0,CIN,SS,22.0,18.0,,4.59,26.5,,,,,,,,,,,
35,35,35,35,35,35,Barreto,Franklin,620439.0,---,,2B,-1.0,-1.0,0.0,0.0,-1.0,0.0,-1.0,0.0,83%,86%,-3%,620439.0,108.0,LAA,2B,24.0,5.0,1.0,,27.3,,,,,,,,,,,
36,36,36,36,36,36,Basabe,Luis Alexander,642772.0,Giants,,RF,1.0,1.0,0.0,0.0,1.0,0.0,1.0,0.0,92%,85%,7%,642772.0,137.0,SF,RF,23.0,8.0,,,27.9,,,,,,,,,,,
37,37,37,37,37,37,Beaty,Matt,607461.0,Dodgers,,1B,-1.0,-1.0,0.0,-1.0,0.0,0.0,0.0,-1.0,56%,60%,-4%,607461.0,119.0,LAD,1B,27.0,17.0,,,26.9,,,,,,,,,,,
38,38,38,38,38,38,Bell,Josh,605137.0,Pirates,,1B,-2.0,-3.0,0.0,-4.0,1.0,1.0,-1.0,-1.0,71%,74%,-3%,605137.0,134.0,PIT,1B,27.0,66.0,,4.49,26.2,,,,,,,,,,,
39,39,39,39,39,39,Bellinger,Cody,641355.0,Dodgers,,CF,9.0,10.0,1.0,4.0,4.0,1.0,5.0,5.0,89%,84%,5%,641355.0,119.0,LAD,CF,24.0,81.0,14.0,4.14,28.6,641355.0,2020.0,5.0,61.1,1.3,0.1,-0.1,0.9,34.6,36.0,22.0
40,40,40,40,40,40,Belt,Brandon,474832.0,Giants,,1B,0.0,0.0,1.0,-3.0,1.0,0.0,-2.0,2.0,79%,79%,0%,474832.0,137.0,SF,1B,32.0,39.0,,4.56,25.3,,,,,,,,,,,
41,41,41,41,41,41,Benintendi,Andrew,643217.0,Red Sox,,LF,0.0,1.0,1.0,0.0,0.0,0.0,0.0,1.0,87%,85%,2%,643217.0,111.0,BOS,LF,25.0,10.0,,,26.6,643217.0,2020.0,0.0,50.0,-0.4,-0.3,0.8,-0.2,30.3,6.0,3.0
42,42,42,42,42,42,Berti,Jon,542932.0,Marlins,,3B,-1.0,-2.0,0.0,-1.0,-2.0,0.0,-3.0,1.0,81%,83%,-2%,542932.0,146.0,MIA,2B,30.0,59.0,12.0,4.23,29.2,,,,,,,,,,,
43,43,43,43,43,43,Betts,Mookie,605141.0,Dodgers,,RF,5.0,5.0,0.0,2.0,1.0,2.0,3.0,2.0,92%,89%,3%,605141.0,119.0,LAD,RF,27.0,90.0,6.0,4.32,28.3,605141.0,2020.0,5.0,73.5,1.2,1.2,-0.8,1.6,34.1,34.0,25.0
44,44,44,44,44,44,Bichette,Bo,666182.0,Blue Jays,,SS,1.0,1.0,1.0,-1.0,1.0,0.0,1.0,0.0,76%,75%,1%,666182.0,141.0,TOR,SS,22.0,43.0,,4.38,27.7,,,,,,,,,,,
45,45,45,45,45,45,Biggio,Cavan,624415.0,Blue Jays,,2B,-2.0,-2.0,-2.0,1.0,0.0,-1.0,-4.0,1.0,79%,80%,-1%,624415.0,141.0,TOR,2B,25.0,77.0,,4.45,27.7,624415.0,2020.0,0.0,33.3,2.2,0.9,-0.4,3.4,36.6,6.0,2.0
46,46,46,46,46,46,Bishop,Braden,623323.0,Mariners,,CF,0.0,0.0,0.0,0.0,0.0,0.0,0.0,0.0,100%,99%,1%,623323.0,136.0,SEA,RF,26.0,13.0,,,29.1,,,,,,,,,,,
47,47,47,47,47,47,Blackmon,Charlie,453568.0,Rockies,,CF,-1.0,-1.0,1.0,0.0,-2.0,0.0,1.0,-2.0,89%,89%,0%,453568.0,115.0,COL,RF,33.0,77.0,,4.43,26.8,453568.0,2020.0,-1.0,52.0,-0.8,-1.1,0.0,-1.9,29.7,25.0,13.0
48,48,48,48,48,48,Blankenhorn,Travis,663905.0,Twins,,2B,0.0,0.0,0.0,0.0,0.0,0.0,0.0,0.0,0%,3%,-3%,,,,,,,,,,,,,,,,,,,,
49,49,49,49,49,49,Bogaerts,Xander,593428.0,Red Sox,,SS,-2.0,-3.0,1.0,-1.0,-3.0,1.0,-3.0,0.0,67%,69%,-2%,593428.0,111.0,BOS,SS,27.0,75.0,1.0,4.29,27.7,,,,,,,,,,,
50,50,50,50,50,50,Bohm,Alec,664761.0,Phillies,,3B,0.0,0.0,0.0,1.0,-1.0,0.0,-1.0,0.0,70%,70%,0%,664761.0,143.0,PHI,3B,23.0,81.0,,4.6,27.3,,,,,,,,,,,
51,51,51,51,51,51,Bonifacio,Jorge,593528.0,Tigers,,RF,0.0,0.0,0.0,-1.0,0.0,0.0,0.0,0.0,86%,87%,-1%,593528.0,116.0,DET,LF,27.0,25.0,,4.37,28.4,593528.0,2020.0,-1.0,33.3,-0.4,-0.6,0.4,-0.9,33.3,12.0,4.0
52,52,52,52,52,52,Bonifacio,Emilio,466988.0,Nationals,,LF,0.0,0.0,0.0,0.0,0.0,0.0,0.0,0.0,100%,92%,8%,,,,,,,,,,,,,,,,,,,,
53,53,53,53,53,53,Bote,David,623520.0,Cubs,,3B,-3.0,-4.0,0.0,-1.0,-2.0,0.0,-3.0,0.0,68%,72%,-4%,623520.0,112.0,CHC,3B,27.0,49.0,,4.43,27.6,,,,,,,,,,,
54,54,54,54,54,54,Bradley Jr.,Jackie,598265.0,Red Sox,,CF,6.0,6.0,1.0,4.0,2.0,-1.0,3.0,3.0,92%,87%,5%,598265.0,111.0,BOS,CF,30.0,88.0,,4.37,27.3,598265.0,2020.0,5.0,66.7,0.1,2.3,-1.5,0.9,34.5,33.0,22.0
55,55,55,55,55,55,Brantley,Michael,488726.0,Astros,,LF,0.0,0.0,0.0,-1.0,1.0,0.0,1.0,0.0,86%,85%,1%,488726.0,117.0,HOU,DH,33.0,87.0,,4.6,26.2,488726.0,2020.0,0.0,50.0,-0.3,1.4,0.0,-1.3,31.4,14.0,7.0
56,56,56,56,56,56,Braun,Ryan,460075.0,Brewers,,LF,-1.0,-1.0,0.0,0.0,-1.0,0.0,0.0,0.0,79%,81%,-2%,460075.0,158.0,MIL,RF,36.0,39.0,,4.64,26.1,460075.0,2020.0,-1.0,12.5,-1.1,1.0,-1.3,-1.4,30.4,8.0,1.0
57,57,57,57,57,57,Bregman,Alex,608324.0,Astros,,3B,0.0,1.0,2.0,2.0,-3.0,0.0,0.0,0.0,71%,71%,0%,608324.0,117.0,HOU,3B,26.0,78.0,,4.48,27.0,,,,,,,,,,,
58,58,58,58,58,58,Brinson,Lewis,621446.0,Marlins,,CF,-1.0,-1.0,0.0,-3.0,1.0,1.0,-1.0,0.0,87%,88%,-1%,621446.0,146.0,MIA,RF,26.0,45.0,2.0,4.31,28.6,621446.0,2020.0,0.0,52.9,1.8,0.2,-0.9,1.0,33.4,17.0,9.0
59,59,59,59,59,59,Brosseau,Mike,670712.0,Rays,,3B,3.0,4.0,1.0,2.0,1.0,0.0,4.0,0.0,76%,72%,4%,670712.0,139.0,TB,3B,26.0,34.0,,4.43,27.7,,,,,,,,,,,
60,60,60,60,60,60,Brown,Seth,664913.0,Athletics,,RF,0.0,0.0,0.0,0.0,0.0,0.0,0.0,0.0,100%,87%,13%,,,,,,,,,,,,,,,,,,,,
61,61,61,61,61,61,Bruce,Jay,457803.0,Phillies,,RF,0.0,0.0,0.0,1.0,-1.0,0.0,1.0,0.0,97%,96%,1%,457803.0,143.0,PHI,LF,33.0,29.0,,4.63,25.1,,,,,,,,,,,
62,62,62,62,62,62,Bryant,Kris,592178.0,Cubs,,3B,-2.0,-3.0,-2.0,0.0,-1.0,0.0,0.0,-3.0,71%,74%,-3%,592178.0,112.0,CHC,3B,28.0,42.0,,4.44,27.6,,,,,,,,,,,
63,63,63,63,63,63,Butera,Drew,460077.0,Rockies,,1B,0.0,0.0,0.0,0.0,0.0,0.0,0.0,0.0,0%,0%,0%,460077.0,115.0,COL,C,36.0,11.0,,,24.9,,,,,,,,,,,
64,64,64,64,64,64,Buxton,Byron,621439.0,Twins,,CF,3.0,4.0,0.0,1.0,3.0,-1.0,1.0,3.0,93%,90%,3%,621439.0,142.0,MIN,CF,26.0,34.0,17.0,4.03,30.0,621439.0,2020.0,3.0,69.6,0.5,-1.3,0.7,-0.2,34.2,23.0,16.0
65,65,65,65,65,65,Baez,Javier,595879.0,Cubs,,SS,7.0,9.0,6.0,1.0,3.0,0.0,5.0,4.0,81%,77%,4%,595879.0,112.0,CHC,SS,27.0,73.0,1.0,4.31,27.9,,,,,,,,,,,
66,66,66,66,66,66,Cabrera,Asdrubal,452678.0,Nationals,,SS,2.0,3.0,2.0,-1.0,2.0,0.0,3.0,0.0,73%,69%,4%,452678.0,120.0,WSH,1B,34.0,63.0,,4.82,24.8,,,,,,,,,,,
67,67,67,67,67,67,Cain,Lorenzo,456715.0,Brewers,,CF,1.0,1.0,0.0,0.0,0.0,0.0,1.0,0.0,92%,86%,6%,456715.0,158.0,MIL,CF,34.0,10.0,,,26.1,,,,,,,,,,,
68,68,68,68,68,68,Calhoun,Kole,594777.0,D-backs,,RF,-1.0,-1.0,0.0,-2.0,-1.0,1.0,1.0,-2.0,89%,90%,-1%,594777.0,109.0,AZ,RF,32.0,55.0,,4.63,25.9,594777.0,2020.0,1.0,60.0,0.5,1.0,0.4,2.3,35.2,20.0,12.0
69,69,69,69,69,69,Calhoun,Willie,641432.0,Rangers,,LF,-1.0,-2.0,0.0,0.0,-1.0,-1.0,-1.0,0.0,79%,90%,-11%,641432.0,140.0,TEX,DH,25.0,35.0,,4.73,25.5,,,,,,,,,,,
70,70,70,70,70,70,Camargo,Johan,622666.0,Braves,,3B,3.0,4.0,1.0,2.0,1.0,0.0,2.0,2.0,79%,75%,4%,622666.0,144.0,ATL,2B,26.0,41.0,,4.45,25.6,,,,,,,,,,,
71,71,71,71,71,71,Cameron,Daz,663662.0,Tigers,,RF,1.0,1.0,0.0,0.0,0.0,1.0,1.0,0.0,90%,86%,4%,663662.0,116.0,DET,RF,23.0,20.0,,4.44,28.0,663662.0,2020.0,1.0,50.0,1.0,-1.1,0.0,-0.1,31.8,8.0,4.0
72,72,72,72,72,72,Candelario,Jeimer,600869.0,Tigers,,3B,2.0,3.0,1.0,1.0,0.0,1.0,1.0,2.0,74%,72%,2%,600869.0,116.0,DET,1B,26.0,65.0,,4.48,26.9,,,,,,,,,,,
73,73,73,73,73,73,Canha,Mark,592192.0,Athletics,,LF,1.0,1.0,-1.0,0.0,0.0,1.0,1.0,0.0,90%,90%,0%,592192.0,133.0,OAK,DH,31.0,74.0,,4.5,27.6,592192.0,2020.0,0.0,44.4,0.6,0.2,0.2,1.5,34.4,18.0,8.0
74,74,74,74,74,74,Cano,Robinson,429664.0,Mets,,2B,2.0,2.0,2.0,0.0,0.0,-1.0,2.0,1.0,74%,72%,2%,429664.0,121.0,NYM,2B,37.0,69.0,,4.66,24.8,,,,,,,,,,,
75,75,75,75,75,75,Caratini,Victor,605170.0,Cubs,,1B,0.0,0.0,0.0,0.0,0.0,0.0,0.0,0.0,100%,88%,12%,605170.0,112.0,CHC,C,26.0,50.0,,4.88,24.6,,,,,,,,,,,
76,76,76,76,76,76,Carlson,Dylan,666185.0,Cardinals,,CF,0.0,0.0,0.0,0.0,-1.0,0.0,0.0,0.0,90%,90%,0%,666185.0,138.0,STL,CF,21.0,45.0,,,27.9,666185.0,2020.0,-2.0,33.3,-0.3,-1.3,0.5,-1.5,31.6,12.0,4.0
77,77,77,77,77,77,Carpenter,Matt,572761.0,Cardinals,,3B,1.0,2.0,2.0,0.0,-1.0,0.0,2.0,0.0,78%,76%,2%,572761.0,138.0,STL,3B,34.0,42.0,,4.57,25.6,,,,,,,,,,,
78,78,78,78,78,78,Castellanos,Nick,592206.0,Reds,,RF,-4.0,-5.0,-1.0,-3.0,-1.0,1.0,-3.0,-2.0,84%,88%,-4%,592206.0,113.0,CIN,RF,28.0,57.0,1.0,4.37,27.7,592206.0,2020.0,-1.0,45.0,-2.3,-0.2,0.1,-2.2,29.1,20.0,9.0
79,79,79,79,79,79,Castro,Harold,605612.0,Tigers,,2B,-1.0,-1.0,0.0,0.0,-1.0,0.0,0.0,-1.0,80%,82%,-2%,605612.0,116.0,DET,RF,26.0,23.0,,4.61,25.2,,,,,,,,,,,
80,80,80,80,80,80,Castro,Starlin,516770.0,Nationals,,2B,0.0,0.0,2.0,-1.0,-2.0,1.0,1.0,-1.0,76%,77%,-1%,516770.0,120.0,WSH,2B,30.0,20.0,,,26.1,,,,,,,,,,,
81,81,81,81,81,81,Castro,Willi,650489.0,Tigers,,2B,-3.0,-3.0,-1.0,-4.0,1.0,0.0,-4.0,1.0,68%,71%,-3%,650489.0,116.0,DET,SS,23.0,46.0,,4.31,28.2,,,,,,,,,,,
82,82,82,82,82,82,Cave,Jake,595909.0,Twins,,CF,2.0,2.0,1.0,1.0,1.0,0.0,2.0,0.0,92%,88%,4%,595909.0,142.0,MIN,CF,27.0,38.0,1.0,4.33,27.9,595909.0,2020.0,1.0,61.5,1.3,0.4,0.2,1.8,35.4,13.0,8.0
83,83,83,83,83,83,Chang,Yu,644374.0,Guardians,,2B,1.0,2.0,1.0,1.0,0.0,0.0,1.0,1.0,87%,76%,11%,644374.0,114.0,CLE,2B,24.0,7.0,,,27.4,,,,,,,,,,,
84,84,84,84,84,84,Chapman,Matt,656305.0,Athletics,,3B,1.0,1.0,2.0,0.0,-1.0,0.0,0.0,1.0,68%,67%,1%,656305.0,133.0,OAK,3B,27.0,31.0,,4.54,27.5,,,,,,,,,,,
85,85,85,85,85,85,Chavis,Michael,656308.0,Red Sox,,1B,-4.0,-5.0,0.0,-2.0,-1.0,-2.0,-3.0,-1.0,67%,71%,-4%,656308.0,111.0,BOS,1B,24.0,50.0,,4.41,28.1,656308.0,2020.0,0.0,50.0,2.5,0.6,-1.3,1.8,32.5,6.0,3.0
86,86,86,86,86,86,Chisholm Jr.,Jazz,665862.0,Marlins,,2B,-1.0,-1.0,1.0,-2.0,-1.0,0.0,-1.0,0.0,70%,72%,-2%,665862.0,146.0,MIA,2B,22.0,19.0,1.0,,28.1,,,,,,,,,,,
87,87,87,87,87,87,Choi,Ji-Man,596847.0,Rays,,1B,-2.0,-3.0,0.0,-3.0,-1.0,0.0,0.0,-4.0,70%,74%,-4%,596847.0,139.0,TB,1B,29.0,53.0,,4.7,24.3,,,,,,,,,,,
88,88,88,88,88,88,Choo,Shin-Soo,425783.0,Rangers,,RF,-2.0,-2.0,0.0,0.0,-1.0,-1.0,-1.0,-1.0,87%,91%,-4%,425783.0,140.0,TEX,LF,37.0,32.0,,4.48,25.9,425783.0,2020.0,-2.0,25.0,-2.7,-1.0,1.4,-2.5,29.3,8.0,2.0
89,89,89,89,89,89,Colon,Christian,518568.0,Reds,,2B,0.0,0.0,0.0,0.0,-1.0,0.0,0.0,0.0,77%,80%,-3%,518568.0,113.0,CIN,2B,31.0,10.0,,,25.9,,,,,,,,,,,
90,90,90,90,90,90,Conforto,Michael,624424.0,Mets,,RF,-4.0,-4.0,0.0,-1.0,-2.0,-1.0,-4.0,0.0,79%,83%,-4%,624424.0,121.0,NYM,RF,27.0,69.0,,4.48,26.8,624424.0,2020.0,-4.0,31.3,-0.9,0.4,-0.1,-0.6,30.7,32.0,10.0
91,91,91,91,91,91,Cooper,Garrett,643265.0,Marlins,,1B,-3.0,-4.0,0.0,-1.0,-2.0,0.0,-1.0,-3.0,66%,74%,-8%,643265.0,146.0,MIA,1B,29.0,45.0,,4.66,25.9,,,,,,,,,,,
92,92,92,92,92,92,Cordell,Ryan,641477.0,Mets,,RF,0.0,0.0,0.0,0.0,0.0,0.0,0.0,0.0,100%,91%,9%,,,,,,,,,,,,,,,,,,,,
93,93,93,93,93,93,Cordero,Franchy,614173.0,Royals,,LF,0.0,0.0,1.0,0.0,0.0,-1.0,0.0,0.0,75%,75%,0%,614173.0,118.0,KC,RF,25.0,20.0,,,27.5,614173.0,2020.0,0.0,28.6,-0.8,0.2,-1.7,-4.4,27.8,7.0,2.0
94,94,94,94,94,94,Correa,Carlos,621043.0,Astros,,SS,3.0,4.0,4.0,1.0,-1.0,1.0,0.0,5.0,79%,77%,2%,621043.0,117.0,HOU,SS,25.0,84.0,,4.43,27.2,,,,,,,,,,,
95,95,95,95,95,95,Crawford,Brandon,543063.0,Giants,,SS,6.0,8.0,4.0,3.0,0.0,2.0,4.0,4.0,78%,73%,5%,543063.0,137.0,SF,SS,33.0,62.0,,4.49,25.7,,,,,,,,,,,
96,96,96,96,96,96,Crawford,J.P.,641487.0,Mariners,,SS,5.0,7.0,6.0,3.0,-1.0,-1.0,5.0,1.0,82%,79%,3%,641487.0,136.0,SEA,SS,25.0,78.0,2.0,4.47,26.6,,,,,,,,,,,
97,97,97,97,97,97,Cron,C.J.,543068.0,Tigers,,1B,0.0,0.0,0.0,0.0,0.0,-1.0,1.0,-1.0,76%,76%,0%,543068.0,116.0,DET,1B,30.0,11.0,,,24.9,,,,,,,,,,,
98,98,98,98,98,98,Cronenworth,Jake,630105.0,Padres,,2B,5.0,6.0,2.0,2.0,1.0,1.0,2.0,4.0,75%,71%,4%,630105.0,135.0,SD,2B,26.0,86.0,2.0,4.28,28.7,,,,,,,,,,,
99,99,99,99,99,99,Culberson,Charlie,518586.0,Braves,,3B,0.0,0.0,0.0,0.0,0.0,0.0,0.0,0.0,100%,99%,1%,,,,,,,,,,,,,,,,,,,,
100,100,100,100,100,100,Cuthbert,Cheslor,596144.0,White Sox,,3B,0.0,0.0,0.0,0.0,0.0,0.0,0.0,0.0,100%,99%,1%,,,,,,,,,,,,,,,,,,,,
101,101,101,101,101,101,Dahl,David,621311.0,Rockies,,LF,-1.0,-1.0,0.0,-3.0,1.0,0.0,0.0,-2.0,82%,84%,-2%,621311.0,115.0,COL,CF,26.0,25.0,,4.39,27.0,621311.0,2020.0,-1.0,33.3,-2.7,-1.7,1.0,-5.1,26.7,15.0,5.0
102,102,102,102,102,102,Dalbec,Bobby,666915.0,Red Sox,,1B,1.0,1.0,0.0,0.0,0.0,0.0,0.0,1.0,78%,77%,1%,666915.0,111.0,BOS,1B,25.0,19.0,,,26.8,,,,,,,,,,,
103,103,103,103,103,103,Davidson,Matt,571602.0,Reds,,3B,-1.0,-1.0,0.0,-1.0,0.0,0.0,0.0,-1.0,50%,83%,-33%,571602.0,113.0,CIN,DH,29.0,7.0,,,24.4,,,,,,,,,,,
104,104,104,104,104,104,Davis,Chris,448801.0,Orioles,,1B,-1.0,-1.0,0.0,0.0,-1.0,0.0,-2.0,0.0,69%,73%,-4%,448801.0,110.0,BAL,1B,34.0,16.0,,,23.9,,,,,,,,,,,
105,105,105,105,105,105,Davis,J.D.,605204.0,Mets,,3B,-5.0,-6.0,0.0,-1.0,-4.0,0.0,-3.0,-3.0,62%,67%,-5%,605204.0,121.0,NYM,3B,27.0,77.0,,4.52,27.2,605204.0,2020.0,-1.0,0.0,-0.3,-1.3,,,,6.0,0.0
106,106,106,106,106,106,Davis,Jaylin,664041.0,Giants,,RF,0.0,0.0,0.0,0.0,0.0,0.0,-1.0,0.0,73%,75%,-2%,,,,,,,,,,,,,,,,,,,,
107,107,107,107,107,107,Davis,Jonathan,641505.0,Blue Jays,,CF,0.0,0.0,0.0,0.0,0.0,0.0,0.0,0.0,95%,96%,-1%,641505.0,141.0,TOR,RF,28.0,8.0,,,28.0,,,,,,,,,,,
108,108,108,108,108,108,DeJong,Paul,657557.0,Cardinals,,SS,-3.0,-4.0,-2.0,-2.0,-1.0,0.0,-2.0,-2.0,77%,79%,-2%,657557.0,138.0,STL,SS,26.0,39.0,,4.6,26.5,,,,,,,,,,,
109,109,109,109,109,109,DeShields,Delino,592261.0,Guardians,,CF,0.0,0.0,1.0,1.0,0.0,-1.0,1.0,-1.0,89%,89%,0%,592261.0,114.0,CLE,CF,27.0,45.0,,4.22,28.6,592261.0,2020.0,2.0,61.9,-0.1,-0.7,0.4,-0.3,32.8,21.0,13.0
110,110,110,110,110,110,Dean,Austin,621573.0,Cardinals,,LF,-1.0,-1.0,0.0,0.0,0.0,-1.0,-1.0,0.0,67%,100%,-33%,,,,,,,,,,,,,,,,,,,,
111,111,111,111,111,111,Delmonico,Nicky,547170.0,White Sox,,LF,0.0,0.0,0.0,0.0,0.0,0.0,0.0,0.0,90%,87%,3%,547170.0,145.0,CWS,RF,27.0,11.0,,4.57,26.6,,,,,,,,,,,
112,112,112,112,112,112,Demeritte,Travis,641513.0,Tigers,,RF,0.0,0.0,1.0,-1.0,1.0,0.0,0.0,0.0,86%,85%,1%,641513.0,116.0,DET,RF,25.0,7.0,,,26.7,641513.0,2020.0,2.0,71.4,4.4,0.8,-2.1,2.4,33.2,7.0,5.0
113,113,113,113,113,113,Devers,Rafael,646240.0,Red Sox,,3B,-3.0,-4.0,-2.0,0.0,-2.0,0.0,-3.0,-1.0,60%,63%,-3%,646240.0,111.0,BOS,3B,23.0,77.0,,4.38,26.5,,,,,,,,,,,
114,114,114,114,114,114,Dickerson,Alex,543105.0,Giants,,LF,-2.0,-3.0,0.0,-1.0,1.0,-2.0,-1.0,-2.0,81%,84%,-3%,543105.0,137.0,SF,LF,30.0,54.0,,4.37,27.0,543105.0,2020.0,-1.0,40.0,-1.6,0.9,-0.8,-1.9,30.7,20.0,8.0
115,115,115,115,115,115,Dickerson,Corey,572816.0,Marlins,,LF,-1.0,-1.0,0.0,0.0,0.0,0.0,0.0,-1.0,79%,80%,-1%,572816.0,146.0,MIA,LF,31.0,77.0,,4.35,27.0,572816.0,2020.0,0.0,41.4,1.3,1.0,0.7,4.2,37.3,29.0,12.0
116,116,116,116,116,116,Dietrich,Derek,518618.0,Rangers,,2B,-1.0,-1.0,0.0,-2.0,0.0,0.0,0.0,-1.0,58%,64%,-6%,518618.0,140.0,TEX,DH,30.0,20.0,,4.44,26.9,,,,,,,,,,,
117,117,117,117,117,117,Difo,Wilmer,594694.0,Nationals,,2B,-1.0,-1.0,-1.0,0.0,0.0,0.0,0.0,-1.0,58%,65%,-7%,,,,,,,,,,,,,,,,,,,,
118,118,118,118,118,118,Dixon,Brandon,641525.0,Tigers,,1B,0.0,-1.0,-1.0,0.0,0.0,0.0,0.0,0.0,75%,83%,-8%,641525.0,116.0,DET,LF,28.0,7.0,,,28.3,,,,,,,,,,,
119,119,119,119,119,119,Donaldson,Josh,518626.0,Twins,,3B,0.0,1.0,1.0,0.0,0.0,0.0,-1.0,1.0,68%,67%,1%,518626.0,142.0,MIN,3B,34.0,24.0,,4.75,24.9,,,,,,,,,,,
120,120,120,120,120,120,Dozier,Brian,572821.0,Mets,,2B,0.0,0.0,-1.0,1.0,0.0,0.0,-1.0,1.0,73%,72%,1%,,,,,,,,,,,,,,,,,,,,
121,121,121,121,121,121,Dozier,Hunter,641531.0,Royals,,3B,-1.0,0.0,0.0,-1.0,0.0,1.0,0.0,0.0,80%,81%,-1%,641531.0,118.0,KC,1B,28.0,40.0,,4.5,28.0,,,,,,,,,,,
122,122,122,122,122,122,Drury,Brandon,592273.0,Blue Jays,,2B,0.0,0.0,2.0,0.0,-1.0,-1.0,1.0,-1.0,62%,63%,-1%,592273.0,141.0,TOR,3B,27.0,13.0,,4.65,26.1,,,,,,,,,,,
123,123,123,123,123,123,Dubon,Mauricio,643289.0,Giants,,SS,4.0,4.0,-1.0,5.0,2.0,-1.0,-1.0,5.0,90%,87%,3%,643289.0,137.0,SF,CF,25.0,52.0,,4.29,27.9,643289.0,2020.0,3.0,69.6,1.1,0.8,0.0,2.1,36.0,23.0,16.0
124,124,124,124,124,124,Duggar,Steven,621453.0,Giants,,CF,0.0,0.0,1.0,-1.0,0.0,0.0,-1.0,1.0,92%,91%,1%,621453.0,137.0,SF,RF,26.0,14.0,,,28.4,621453.0,2020.0,1.0,85.7,1.2,1.1,0.5,2.0,35.4,7.0,6.0
125,125,125,125,125,125,Duvall,Adam,594807.0,Braves,,LF,1.0,1.0,-1.0,1.0,1.0,0.0,2.0,-1.0,85%,84%,1%,594807.0,144.0,ATL,LF,31.0,58.0,,4.45,28.0,594807.0,2020.0,0.0,27.3,-0.2,1.2,-0.7,0.8,32.9,22.0,6.0
126,126,126,126,126,126,Dyson,Jarrod,502481.0,---,,CF,2.0,2.0,0.0,1.0,1.0,0.0,2.0,0.0,86%,82%,4%,502481.0,145.0,CWS,CF,35.0,25.0,4.0,4.27,27.5,502481.0,2020.0,1.0,41.7,0.3,-0.4,0.8,-0.4,31.7,12.0,5.0
127,127,127,127,127,127,Diaz,Aledmys,649557.0,Astros,,SS,-1.0,-2.0,-1.0,0.0,0.0,0.0,0.0,-1.0,71%,75%,-4%,649557.0,117.0,HOU,2B,29.0,31.0,,4.49,27.3,,,,,,,,,,,
128,128,128,128,128,128,Diaz,Isan,656371.0,Marlins,,2B,0.0,0.0,0.0,0.0,0.0,0.0,1.0,0.0,79%,78%,1%,656371.0,146.0,MIA,2B,24.0,5.0,,,25.8,,,,,,,,,,,
129,129,129,129,129,129,Diaz,Lewin,650331.0,Marlins,,1B,1.0,1.0,1.0,1.0,-1.0,0.0,1.0,1.0,85%,80%,5%,650331.0,146.0,MIA,1B,23.0,7.0,,,24.6,,,,,,,,,,,
130,130,130,130,130,130,Diaz,Yandy,650490.0,Rays,,3B,-2.0,-3.0,0.0,-1.0,-2.0,0.0,-4.0,0.0,68%,72%,-4%,650490.0,139.0,TB,3B,28.0,81.0,,4.65,26.0,,,,,,,,,,,
131,131,131,131,131,131,Eaton,Adam,594809.0,Nationals,,RF,-1.0,-2.0,2.0,-2.0,-2.0,1.0,1.0,-2.0,82%,83%,-1%,594809.0,120.0,WSH,RF,31.0,61.0,,4.23,27.9,594809.0,2020.0,0.0,44.8,1.4,1.5,-1.3,1.6,35.3,29.0,13.0
132,132,132,132,132,132,Edman,Tommy,669242.0,Cardinals,,2B,3.0,3.0,0.0,0.0,3.0,1.0,2.0,2.0,77%,75%,2%,669242.0,138.0,STL,3B,25.0,84.0,4.0,4.19,28.9,,,,,,,,,,,
133,133,133,133,133,133,Engel,Adam,641553.0,White Sox,,CF,2.0,2.0,1.0,0.0,1.0,0.0,1.0,1.0,96%,90%,6%,641553.0,145.0,CWS,RF,28.0,39.0,21.0,4.07,30.3,641553.0,2020.0,2.0,81.8,2.4,-0.5,0.1,2.6,35.6,11.0,9.0
134,134,134,134,134,134,Ervin,Phillip,640447.0,---,,LF,2.0,3.0,2.0,0.0,1.0,0.0,1.0,1.0,94%,88%,6%,640447.0,136.0,SEA,RF,27.0,23.0,,4.55,27.5,640447.0,2020.0,2.0,78.6,1.7,1.7,-0.2,3.0,35.5,14.0,11.0
135,135,135,135,135,135,Escobar,Eduardo,500871.0,D-backs,,3B,0.0,1.0,-1.0,3.0,-1.0,0.0,-2.0,2.0,75%,74%,1%,500871.0,109.0,AZ,3B,31.0,67.0,,4.25,28.0,,,,,,,,,,,
136,136,136,136,136,136,Espinal,Santiago,669289.0,Blue Jays,,2B,2.0,3.0,2.0,0.0,1.0,0.0,2.0,1.0,75%,71%,4%,669289.0,141.0,TOR,SS,25.0,20.0,,,27.1,,,,,,,,,,,
137,137,137,137,137,137,Estrada,Thairo,642731.0,Yankees,,2B,0.0,-1.0,0.0,0.0,1.0,-1.0,-2.0,1.0,80%,82%,-2%,642731.0,147.0,NYY,2B,24.0,14.0,,4.5,25.7,,,,,,,,,,,
138,138,138,138,138,138,Evans,Phillip,595943.0,Pirates,,3B,-1.0,-1.0,0.0,-1.0,0.0,0.0,0.0,-1.0,59%,63%,-4%,595943.0,134.0,PIT,3B,27.0,11.0,,,27.0,,,,,,,,,,,
139,139,139,139,139,139,Farmer,Kyle,571657.0,Reds,,SS,1.0,2.0,0.0,1.0,1.0,0.0,1.0,1.0,80%,77%,3%,571657.0,113.0,CIN,SS,29.0,21.0,,4.55,26.7,,,,,,,,,,,
140,140,140,140,140,140,Fisher,Derek,605233.0,Blue Jays,,LF,-2.0,-3.0,-1.0,-1.0,0.0,-1.0,-2.0,0.0,57%,69%,-12%,605233.0,141.0,TOR,RF,26.0,12.0,,,27.9,605233.0,2020.0,-3.0,10.0,-0.5,-1.3,0.2,-1.7,31.1,10.0,1.0
141,141,141,141,141,141,Fletcher,David,664058.0,Angels,,2B,-1.0,-1.0,1.0,1.0,-3.0,0.0,-3.0,2.0,76%,76%,0%,664058.0,108.0,LAA,SS,26.0,111.0,,4.32,27.3,,,,,,,,,,,
142,142,142,142,142,142,Flores,Wilmer,527038.0,Giants,,2B,1.0,2.0,0.0,1.0,1.0,0.0,-1.0,3.0,71%,69%,2%,527038.0,137.0,SF,DH,28.0,60.0,,4.7,25.1,,,,,,,,,,,
143,143,143,143,143,143,Florial,Estevan,664314.0,Yankees,,CF,0.0,0.0,0.0,0.0,0.0,0.0,0.0,0.0,100%,100%,0%,,,,,,,,,,,,,,,,,,,,
144,144,144,144,144,144,Ford,Mike,645801.0,Yankees,,1B,-1.0,-2.0,0.0,-1.0,-1.0,0.0,-1.0,0.0,57%,65%,-8%,645801.0,147.0,NYY,1B,27.0,30.0,,4.72,24.3,,,,,,,,,,,
145,145,145,145,145,145,Forsythe,Logan,523253.0,Marlins,,2B,0.0,0.0,-1.0,0.0,1.0,0.0,0.0,0.0,73%,72%,1%,523253.0,146.0,MIA,2B,33.0,10.0,,,27.3,,,,,,,,,,,
146,146,146,146,146,146,Fowler,Dexter,451594.0,Cardinals,,CF,0.0,0.0,-1.0,0.0,0.0,0.0,0.0,0.0,84%,85%,-1%,451594.0,138.0,STL,RF,34.0,28.0,,,26.6,451594.0,2020.0,-1.0,38.5,-0.8,-1.3,0.7,-1.4,28.8,13.0,5.0
147,147,147,147,147,147,Fraley,Jake,641584.0,Mariners,,LF,0.0,0.0,0.0,0.0,-1.0,0.0,-1.0,0.0,95%,97%,-2%,641584.0,136.0,SEA,RF,25.0,6.0,,,27.1,,,,,,,,,,,
148,148,148,148,148,148,France,Ty,664034.0,---,,1B,-1.0,-1.0,-1.0,1.0,0.0,-1.0,-1.0,0.0,77%,79%,-2%,664034.0,136.0,SEA,DH,25.0,47.0,,4.83,25.2,,,,,,,,,,,
149,149,149,149,149,149,Franco,Maikel,596748.0,Royals,,3B,-1.0,-1.0,2.0,-5.0,1.0,0.0,-3.0,2.0,72%,73%,-1%,596748.0,118.0,KC,3B,27.0,88.0,,4.75,24.6,,,,,,,,,,,
150,150,150,150,150,150,Frazier,Adam,624428.0,Pirates,,2B,4.0,5.0,1.0,2.0,1.0,1.0,2.0,4.0,82%,79%,3%,624428.0,134.0,PIT,2B,28.0,74.0,,4.41,27.1,624428.0,2020.0,0.0,20.0,0.6,0.0,-0.1,0.4,32.7,5.0,1.0
151,151,151,151,151,151,Frazier,Clint,640449.0,Yankees,,RF,1.0,1.0,0.0,0.0,1.0,0.0,1.0,0.0,91%,90%,1%,640449.0,147.0,NYY,RF,25.0,45.0,,4.56,27.5,640449.0,2020.0,0.0,60.0,1.7,0.1,-1.4,0.3,33.4,15.0,9.0
152,152,152,152,152,152,Frazier,Todd,453943.0,---,,3B,-1.0,-1.0,-1.0,0.0,0.0,0.0,-1.0,-1.0,69%,70%,-1%,453943.0,121.0,NYM,3B,34.0,45.0,,4.8,24.2,,,,,,,,,,,
153,153,153,153,153,153,Freeman,Freddie,518692.0,Braves,,1B,1.0,1.0,0.0,1.0,0.0,0.0,1.0,0.0,71%,70%,1%,518692.0,144.0,ATL,1B,30.0,99.0,,4.47,26.4,,,,,,,,,,,
154,154,154,154,154,154,Freeman,Mike,502273.0,Guardians,,2B,0.0,0.0,0.0,-1.0,0.0,1.0,1.0,0.0,76%,75%,1%,502273.0,114.0,CLE,LF,32.0,9.0,,,28.0,,,,,,,,,,,
155,155,155,155,155,155,Fuentes,Joshua,658069.0,Rockies,,3B,4.0,5.0,1.0,3.0,1.0,1.0,2.0,3.0,79%,73%,6%,658069.0,115.0,COL,1B,27.0,36.0,,4.42,27.7,,,,,,,,,,,
156,156,156,156,156,156,Gallo,Joey,608336.0,Rangers,,LF,2.0,3.0,1.0,1.0,0.0,1.0,1.0,2.0,89%,87%,2%,608336.0,140.0,TEX,RF,26.0,38.0,,4.55,27.1,608336.0,2020.0,2.0,53.3,1.3,1.8,-0.5,3.2,35.6,30.0,16.0
157,157,157,157,157,157,Galvis,Freddy,520471.0,Reds,,SS,-3.0,-5.0,-1.0,-1.0,-2.0,0.0,-2.0,-2.0,73%,77%,-4%,520471.0,113.0,CIN,SS,30.0,54.0,,4.43,25.9,,,,,,,,,,,
158,158,158,158,158,158,Gamel,Ben,592325.0,Brewers,,LF,-1.0,-1.0,0.0,0.0,0.0,0.0,1.0,-1.0,86%,88%,-2%,592325.0,158.0,MIL,RF,28.0,31.0,,,26.7,592325.0,2020.0,0.0,45.5,-1.8,-0.8,0.4,-2.3,29.9,11.0,5.0
159,159,159,159,159,159,Garcia,Greg,594824.0,Padres,,2B,1.0,1.0,0.0,1.0,1.0,0.0,1.0,1.0,73%,70%,3%,594824.0,135.0,SD,2B,30.0,24.0,,,26.9,,,,,,,,,,,
160,160,160,160,160,160,Garcia,Leury,544725.0,White Sox,,CF,1.0,1.0,0.0,2.0,-1.0,0.0,-1.0,2.0,69%,67%,2%,544725.0,145.0,CWS,SS,29.0,25.0,,4.1,28.3,,,,,,,,,,,
161,161,161,161,161,161,Garcia,Adolis,666969.0,Rangers,,CF,0.0,0.0,0.0,0.0,0.0,0.0,0.0,0.0,100%,95%,5%,,,,,,,,,,,,,,,,,,,,
162,162,162,162,162,162,Garcia,Avisail,541645.0,Brewers,,RF,1.0,1.0,0.0,1.0,-1.0,1.0,0.0,0.0,85%,85%,0%,541645.0,158.0,MIL,CF,29.0,70.0,,4.49,28.0,541645.0,2020.0,0.0,47.8,-1.3,1.7,-4.7,-3.4,29.7,23.0,11.0
163,163,163,163,163,163,Garcia,Luis,671277.0,Nationals,,2B,-5.0,-7.0,-2.0,-1.0,-2.0,-1.0,-4.0,-2.0,65%,71%,-6%,671277.0,120.0,WSH,2B,20.0,65.0,,4.36,26.7,,,,,,,,,,,
164,164,164,164,164,164,Gardner,Brett,458731.0,Yankees,,LF,0.0,0.0,-1.0,0.0,1.0,0.0,-1.0,0.0,85%,85%,0%,458731.0,147.0,NYY,LF,36.0,43.0,2.0,4.16,28.2,458731.0,2020.0,0.0,45.8,-1.1,0.4,-0.3,-1.3,30.2,24.0,11.0
165,165,165,165,165,165,Garlick,Kyle,664247.0,Phillies,,LF,-1.0,-1.0,0.0,0.0,-1.0,0.0,0.0,-1.0,40%,66%,-26%,,,,,,,,,,,,,,,,,,,,
166,166,166,166,166,166,Garver,Mitch,641598.0,Twins,,1B,0.0,0.0,0.0,0.0,0.0,0.0,0.0,0.0,100%,98%,2%,641598.0,142.0,MIN,C,29.0,9.0,,,26.0,,,,,,,,,,,
167,167,167,167,167,167,Gimenez,Andres,665926.0,Mets,,2B,5.0,6.0,3.0,2.0,1.0,0.0,4.0,2.0,77%,71%,6%,665926.0,121.0,NYM,SS,21.0,45.0,,4.2,28.9,,,,,,,,,,,
168,168,168,168,168,168,Goins,Ryan,572365.0,White Sox,,SS,-1.0,-1.0,0.0,-2.0,0.0,0.0,-1.0,-1.0,70%,84%,-14%,,,,,,,,,,,,,,,,,,,,
169,169,169,169,169,169,Goldschmidt,Paul,502671.0,Cardinals,,1B,3.0,4.0,2.0,0.0,1.0,1.0,2.0,2.0,78%,75%,3%,502671.0,138.0,STL,1B,32.0,68.0,,4.61,26.4,,,,,,,,,,,
170,170,170,170,170,170,Gonzalez,Marwin,503556.0,Twins,,1B,3.0,4.0,3.0,2.0,-2.0,2.0,2.0,2.0,75%,72%,3%,503556.0,142.0,MIN,3B,31.0,55.0,,4.62,25.5,,,,,,,,,,,
171,171,171,171,171,171,Gonzalez,Erik,570481.0,Pirates,,SS,1.0,2.0,0.0,3.0,-1.0,1.0,2.0,0.0,71%,69%,2%,570481.0,134.0,PIT,SS,28.0,69.0,,4.52,27.3,,,,,,,,,,,
172,172,172,172,172,172,Gonzalez,Luis,670768.0,White Sox,,RF,-1.0,-1.0,0.0,0.0,0.0,-1.0,-1.0,0.0,0%,79%,-79%,,,,,,,,,,,,,,,,,,,,
173,173,173,173,173,173,Goodrum,Niko,592348.0,Tigers,,SS,5.0,6.0,3.0,0.0,3.0,0.0,3.0,3.0,79%,75%,4%,592348.0,116.0,DET,SS,28.0,38.0,1.0,,28.0,,,,,,,,,,,
174,174,174,174,174,174,Goodwin,Brian,571718.0,---,,CF,-3.0,-3.0,-1.0,0.0,0.0,-1.0,-4.0,1.0,83%,86%,-3%,571718.0,113.0,CIN,CF,29.0,36.0,,4.19,28.1,571718.0,2020.0,-3.0,37.5,-0.6,0.3,0.0,-0.7,32.7,24.0,9.0
175,175,175,175,175,175,Gordon,Alex,460086.0,Royals,,LF,-1.0,-1.0,1.0,-1.0,-1.0,0.0,-3.0,2.0,88%,89%,-1%,460086.0,118.0,KC,LF,36.0,56.0,,4.74,25.0,460086.0,2020.0,-2.0,37.5,0.2,-0.7,1.3,1.6,34.7,16.0,6.0
176,176,176,176,176,176,Gosselin,Phil,594838.0,Phillies,,3B,0.0,0.0,0.0,0.0,0.0,0.0,0.0,0.0,72%,72%,0%,594838.0,143.0,PHI,DH,31.0,30.0,6.0,4.27,28.7,,,,,,,,,,,
177,177,177,177,177,177,Grandal,Yasmani,518735.0,White Sox,,1B,0.0,0.0,0.0,0.0,0.0,0.0,0.0,-1.0,85%,86%,-1%,518735.0,145.0,CWS,C,31.0,37.0,,5.08,23.5,,,,,,,,,,,
178,178,178,178,178,178,Gregorius,Didi,544369.0,Phillies,,SS,-6.0,-8.0,-5.0,0.0,-3.0,0.0,-6.0,-2.0,73%,77%,-4%,544369.0,143.0,PHI,SS,30.0,77.0,,4.4,27.1,,,,,,,,,,,
179,179,179,179,179,179,Grichuk,Randal,545341.0,Blue Jays,,CF,1.0,1.0,-1.0,1.0,0.0,1.0,1.0,0.0,86%,85%,1%,545341.0,141.0,TOR,CF,28.0,70.0,,4.47,27.7,545341.0,2020.0,1.0,50.0,0.4,-1.1,0.2,-0.8,32.4,30.0,15.0
180,180,180,180,180,180,Grisham,Trent,663757.0,Padres,,CF,7.0,8.0,2.0,3.0,4.0,0.0,5.0,3.0,95%,89%,6%,663757.0,135.0,SD,CF,23.0,76.0,7.0,4.34,29.1,663757.0,2020.0,7.0,75.8,0.9,2.5,-0.9,2.2,36.1,33.0,25.0
181,181,181,181,181,181,Grossman,Robbie,543257.0,Athletics,,LF,3.0,4.0,0.0,1.0,0.0,2.0,2.0,1.0,86%,83%,3%,543257.0,133.0,OAK,LF,30.0,79.0,,4.34,27.5,543257.0,2020.0,3.0,51.6,0.9,0.9,-0.1,1.8,33.9,31.0,16.0
182,182,182,182,182,182,Guerrero Jr.,Vladimir,665489.0,Blue Jays,,1B,-2.0,-2.0,0.0,-1.0,-2.0,0.0,0.0,-3.0,69%,72%,-3%,665489.0,141.0,TOR,1B,21.0,101.0,,4.74,25.3,,,,,,,,,,,
183,183,183,183,183,183,Guillorme,Luis,641645.0,Mets,,2B,3.0,4.0,1.0,2.0,1.0,0.0,3.0,1.0,78%,72%,6%,641645.0,121.0,NYM,2B,25.0,19.0,,,25.4,,,,,,,,,,,
184,184,184,184,184,184,Gurriel Jr.,Lourdes,666971.0,Blue Jays,,LF,-1.0,-1.0,0.0,-2.0,1.0,0.0,1.0,-2.0,87%,88%,-1%,666971.0,141.0,TOR,LF,26.0,81.0,,4.53,26.3,666971.0,2020.0,-1.0,50.0,-1.0,-0.1,0.4,-1.1,31.8,28.0,14.0
185,185,185,185,185,185,Gurriel,Yuli,493329.0,Astros,,1B,3.0,3.0,1.0,0.0,2.0,1.0,1.0,2.0,80%,78%,2%,493329.0,117.0,HOU,1B,36.0,93.0,,4.48,27.3,,,,,,,,,,,
186,186,186,186,186,186,Gutierrez,Kelvin,642721.0,Royals,,3B,0.0,0.0,0.0,0.0,0.0,0.0,0.0,0.0,56%,52%,4%,,,,,,,,,,,,,,,,,,,,
187,187,187,187,187,187,Guzman,Ronald,608597.0,Rangers,,1B,1.0,1.0,0.0,1.0,1.0,0.0,0.0,2.0,72%,69%,3%,608597.0,140.0,TEX,1B,25.0,25.0,,4.55,25.8,,,,,,,,,,,
188,188,188,188,188,188,Gyorko,Jedd,576397.0,Brewers,,3B,2.0,2.0,2.0,-1.0,1.0,0.0,2.0,0.0,75%,71%,4%,576397.0,158.0,MIL,1B,31.0,26.0,,4.71,23.9,,,,,,,,,,,
189,189,189,189,189,189,Haggerty,Sam,664059.0,Mariners,,LF,-1.0,-1.0,1.0,0.0,-3.0,0.0,-1.0,-1.0,88%,92%,-4%,664059.0,136.0,SEA,LF,26.0,17.0,,,28.7,664059.0,2020.0,-1.0,60.0,-1.6,-0.5,0.1,-2.0,29.8,5.0,3.0
190,190,190,190,190,190,Hamilton,Billy,571740.0,---,,CF,2.0,2.0,0.0,1.0,1.0,0.0,2.0,0.0,100%,90%,10%,571740.0,112.0,CHC,CF,29.0,8.0,1.0,,28.5,571740.0,2020.0,2.0,100.0,1.3,1.4,-0.1,3.1,36.9,5.0,5.0
191,191,191,191,191,191,Hampson,Garrett,641658.0,Rockies,,2B,3.0,3.0,0.0,1.0,0.0,2.0,-1.0,4.0,79%,77%,2%,641658.0,115.0,COL,2B,25.0,47.0,15.0,4.21,29.6,641658.0,2020.0,3.0,76.9,1.1,-0.2,-0.4,0.1,33.1,13.0,10.0
192,192,192,192,192,192,Happ,Ian,664023.0,Cubs,,LF,0.0,0.0,1.0,0.0,0.0,-1.0,1.0,-1.0,86%,85%,1%,664023.0,112.0,CHC,CF,25.0,64.0,,4.33,27.1,664023.0,2020.0,-1.0,36.0,-0.1,1.2,-0.5,0.4,33.2,25.0,9.0
193,193,193,193,193,193,Harper,Bryce,547180.0,Phillies,,RF,1.0,1.0,0.0,0.0,1.0,0.0,2.0,-1.0,92%,90%,2%,547180.0,143.0,PHI,RF,27.0,51.0,,4.38,27.9,547180.0,2020.0,1.0,54.5,-0.2,-0.3,0.6,0.8,32.8,11.0,6.0
194,194,194,194,194,194,Harrison,Josh,543281.0,Nationals,,2B,0.0,0.0,0.0,-2.0,1.0,1.0,1.0,-1.0,76%,76%,0%,543281.0,120.0,WSH,2B,32.0,28.0,,4.42,26.8,,,,,,,,,,,
195,195,195,195,195,195,Harrison,Monte,656509.0,Marlins,,CF,1.0,1.0,1.0,0.0,0.0,0.0,1.0,-1.0,94%,92%,2%,656509.0,146.0,MIA,CF,24.0,13.0,3.0,4.39,28.8,656509.0,2020.0,0.0,50.0,1.5,0.5,1.0,3.0,37.2,6.0,3.0
196,196,196,196,196,196,Haseley,Adam,656514.0,Phillies,,CF,-2.0,-2.0,0.0,0.0,0.0,-2.0,-1.0,-1.0,84%,88%,-4%,656514.0,143.0,PHI,CF,24.0,39.0,,4.41,26.8,656514.0,2020.0,-1.0,40.0,-1.3,-0.7,-0.3,-2.8,30.9,10.0,4.0
197,197,197,197,197,197,Hayes,Ke'Bryan,663647.0,Pirates,,3B,3.0,4.0,1.0,0.0,3.0,0.0,3.0,0.0,78%,73%,5%,663647.0,134.0,PIT,3B,23.0,36.0,,4.41,28.0,,,,,,,,,,,
198,198,198,198,198,198,Hays,Austin,669720.0,Orioles,,LF,0.0,0.0,0.0,1.0,0.0,-1.0,0.0,0.0,87%,87%,0%,669720.0,110.0,BAL,CF,24.0,54.0,,4.29,27.9,669720.0,2020.0,1.0,57.9,0.6,-1.0,1.1,2.0,34.8,19.0,11.0
199,199,199,199,199,199,Healy,Ryon,592387.0,Brewers,,3B,0.0,0.0,0.0,0.0,0.0,0.0,0.0,0.0,100%,98%,2%,,,,,,,,,,,,,,,,,,,,
200,200,200,200,200,200,Heath,Nick,670084.0,Royals,,CF,1.0,1.0,0.0,1.0,0.0,0.0,0.0,0.0,88%,80%,8%,670084.0,118.0,KC,CF,26.0,6.0,,,27.9,,,,,,,,,,,
201,201,201,201,201,201,Hechavarria,Adeiny,588751.0,Braves,,SS,-1.0,-1.0,1.0,-1.0,-1.0,0.0,-1.0,0.0,69%,70%,-1%,588751.0,144.0,ATL,2B,31.0,22.0,1.0,4.49,26.6,,,,,,,,,,,
202,202,202,202,202,202,Heineman,Scott,595981.0,Rangers,,CF,1.0,2.0,0.0,1.0,0.0,1.0,1.0,1.0,91%,87%,4%,595981.0,140.0,TEX,CF,27.0,23.0,,4.39,28.2,595981.0,2020.0,1.0,77.8,-0.9,-1.2,-0.3,-2.1,31.5,9.0,7.0
203,203,203,203,203,203,Heredia,Guillermo,628338.0,---,,CF,2.0,2.0,1.0,1.0,0.0,0.0,1.0,1.0,93%,86%,7%,,,,,,,,,,628338.0,2020.0,1.0,77.8,1.3,1.3,-0.5,1.9,35.4,9.0,7.0
204,204,204,204,204,204,Hermosillo,Michael,641684.0,Angels,,CF,0.0,0.0,-1.0,0.0,0.0,0.0,0.0,0.0,93%,96%,-3%,,,,,,,,,,,,,,,,,,,,
205,205,205,205,205,205,Hernandez,Yadiel,628450.0,Nationals,,LF,0.0,0.0,0.0,0.0,0.0,0.0,0.0,0.0,67%,69%,-2%,628450.0,120.0,WSH,DH,32.0,11.0,,,24.9,,,,,,,,,,,
206,206,206,206,206,206,Hernandez,Cesar,514917.0,Guardians,,2B,3.0,4.0,0.0,2.0,4.0,-2.0,-2.0,6.0,78%,76%,2%,514917.0,114.0,CLE,2B,30.0,107.0,5.0,4.24,28.5,,,,,,,,,,,
207,207,207,207,207,207,Hernandez,Enrique,571771.0,Dodgers,,2B,1.0,1.0,0.0,2.0,-1.0,1.0,0.0,1.0,79%,78%,1%,571771.0,119.0,LAD,2B,28.0,63.0,,4.45,27.2,,,,,,,,,,,
208,208,208,208,208,208,Hernandez,Teoscar,606192.0,Blue Jays,,RF,-3.0,-3.0,0.0,-3.0,-1.0,1.0,-2.0,-1.0,78%,81%,-3%,606192.0,141.0,TOR,RF,27.0,48.0,,4.38,28.3,606192.0,2020.0,-4.0,16.0,0.7,-0.2,-0.7,0.0,32.1,25.0,4.0
209,209,209,209,209,209,Herrera,Dilson,599096.0,Orioles,,2B,0.0,0.0,0.0,0.0,0.0,0.0,0.0,0.0,100%,97%,3%,,,,,,,,,,,,,,,,,,,,
210,210,210,210,210,210,Heyward,Jason,518792.0,Cubs,,RF,0.0,1.0,0.0,-1.0,1.0,1.0,0.0,0.0,88%,88%,0%,518792.0,112.0,CHC,RF,30.0,63.0,,4.42,27.0,518792.0,2020.0,-1.0,40.9,0.4,0.2,0.2,0.5,33.8,22.0,9.0
211,211,211,211,211,211,Hicks,Aaron,543305.0,Yankees,,CF,-4.0,-5.0,-1.0,0.0,-4.0,0.0,-3.0,-1.0,84%,88%,-4%,543305.0,147.0,NYY,CF,30.0,65.0,,4.19,27.5,543305.0,2020.0,-3.0,30.8,-0.9,-0.3,-0.1,-1.7,31.7,26.0,8.0
212,212,212,212,212,212,Hill,Derek,656537.0,Tigers,,CF,0.0,0.0,0.0,0.0,0.0,0.0,0.0,0.0,90%,86%,4%,,,,,,,,,,,,,,,,,,,,
213,213,213,213,213,213,Hilliard,Sam,656541.0,Rockies,,CF,0.0,0.0,0.0,1.0,-1.0,0.0,2.0,-2.0,87%,87%,0%,656541.0,115.0,COL,LF,26.0,27.0,4.0,4.22,29.4,656541.0,2020.0,0.0,50.0,-1.2,-0.8,0.6,-2.0,31.5,20.0,10.0
214,214,214,214,214,214,Hiura,Keston,669374.0,Brewers,,2B,-1.0,-2.0,-4.0,1.0,1.0,1.0,-1.0,-1.0,76%,77%,-1%,669374.0,158.0,MIL,2B,23.0,55.0,,4.58,27.1,,,,,,,,,,,
215,215,215,215,215,215,Hoerner,Nico,663538.0,Cubs,,SS,5.0,7.0,2.0,3.0,1.0,0.0,3.0,4.0,76%,71%,5%,663538.0,112.0,CHC,2B,23.0,51.0,,4.26,28.8,,,,,,,,,,,
216,216,216,216,216,216,Holaday,Bryan,592407.0,Orioles,,1B,0.0,0.0,0.0,0.0,0.0,0.0,0.0,0.0,100%,87%,13%,592407.0,110.0,BAL,C,32.0,11.0,,,25.1,,,,,,,,,,,
217,217,217,217,217,217,Holt,Brock,571788.0,---,,2B,-1.0,-2.0,-2.0,0.0,-1.0,1.0,-1.0,-1.0,75%,78%,-3%,571788.0,120.0,WSH,3B,32.0,37.0,,4.44,25.6,571788.0,2020.0,-1.0,50.0,-0.8,-1.2,0.5,-1.6,31.4,6.0,3.0
218,218,218,218,218,218,Hoskins,Rhys,656555.0,Phillies,,1B,-4.0,-5.0,0.0,-4.0,-1.0,-1.0,-4.0,-1.0,60%,65%,-5%,656555.0,143.0,PHI,1B,27.0,39.0,,4.71,25.7,,,,,,,,,,,
219,219,219,219,219,219,Hosmer,Eric,543333.0,Padres,,1B,-2.0,-2.0,-1.0,-1.0,-1.0,0.0,-2.0,0.0,63%,66%,-3%,543333.0,135.0,SD,1B,30.0,55.0,,4.66,25.6,,,,,,,,,,,
220,220,220,220,220,220,Iglesias,Jose,578428.0,Orioles,,SS,2.0,3.0,2.0,2.0,0.0,0.0,1.0,2.0,73%,68%,5%,578428.0,110.0,BAL,SS,30.0,64.0,,4.19,27.1,,,,,,,,,,,
221,221,221,221,221,221,Inciarte,Ender,542255.0,Braves,,CF,0.0,0.0,-1.0,2.0,1.0,-1.0,1.0,-1.0,84%,84%,0%,542255.0,144.0,ATL,CF,29.0,41.0,,4.29,26.1,542255.0,2020.0,0.0,40.0,-1.6,1.7,-0.2,0.0,33.0,20.0,8.0
222,222,222,222,222,222,Jankowski,Travis,608671.0,Reds,,CF,0.0,1.0,0.0,0.0,0.0,0.0,0.0,0.0,92%,87%,5%,,,,,,,,,,,,,,,,,,,,
223,223,223,223,223,223,Jay,Jon,445055.0,D-backs,,CF,0.0,0.0,0.0,0.0,0.0,0.0,0.0,0.0,87%,87%,0%,445055.0,109.0,AZ,RF,35.0,19.0,,,25.5,445055.0,2020.0,-1.0,16.7,0.4,-0.1,-0.6,-0.1,34.5,6.0,1.0
224,224,224,224,224,224,Jimenez,Eloy,650391.0,White Sox,,LF,-3.0,-4.0,0.0,-3.0,-1.0,1.0,0.0,-3.0,83%,87%,-4%,650391.0,145.0,CWS,LF,23.0,82.0,,4.45,27.2,650391.0,2020.0,-1.0,28.6,-2.6,-0.6,1.2,-2.3,30.6,14.0,4.0
225,225,225,225,225,225,Johnson,Daniel,669288.0,Guardians,,RF,0.0,0.0,0.0,0.0,0.0,0.0,0.0,0.0,100%,95%,5%,,,,,,,,,,,,,,,,,,,,
226,226,226,226,226,226,Jones,JaCoby,592444.0,Tigers,,CF,1.0,1.0,0.0,0.0,1.0,0.0,1.0,0.0,88%,87%,1%,592444.0,116.0,DET,CF,28.0,32.0,,4.6,27.0,592444.0,2020.0,0.0,38.5,-3.4,-0.7,0.9,-3.5,30.2,13.0,5.0
227,227,227,227,227,227,Jones,Jahmai,663330.0,Angels,,2B,-1.0,-1.0,0.0,-1.0,0.0,0.0,-1.0,0.0,57%,68%,-11%,,,,,,,,,,,,,,,,,,,,
228,228,228,228,228,228,Jones,Taylor,622100.0,Astros,,1B,-1.0,-2.0,0.0,-1.0,-1.0,0.0,0.0,-2.0,0%,53%,-53%,622100.0,117.0,HOU,DH,26.0,6.0,,,25.9,,,,,,,,,,,
229,229,229,229,229,229,Joyce,Matt,459964.0,Marlins,,RF,-2.0,-2.0,0.0,0.0,0.0,-2.0,0.0,-2.0,79%,82%,-3%,459964.0,146.0,MIA,RF,35.0,38.0,,4.61,25.6,459964.0,2020.0,-2.0,35.3,1.1,1.5,-0.2,2.3,34.9,17.0,6.0
230,230,230,230,230,230,Judge,Aaron,592450.0,Yankees,,RF,1.0,1.0,1.0,-1.0,0.0,0.0,1.0,0.0,90%,88%,2%,592450.0,147.0,NYY,RF,28.0,32.0,,4.73,26.8,592450.0,2020.0,0.0,53.8,1.3,-0.2,0.3,2.1,32.9,13.0,7.0
231,231,231,231,231,231,Kemp,Matt,461314.0,Rockies,,LF,0.0,0.0,0.0,0.0,0.0,0.0,0.0,0.0,100%,84%,16%,461314.0,115.0,COL,DH,35.0,34.0,,4.68,25.9,,,,,,,,,,,
232,232,232,232,232,232,Kemp,Tony,643393.0,Athletics,,2B,1.0,1.0,1.0,1.0,-1.0,0.0,-1.0,2.0,73%,73%,0%,643393.0,133.0,OAK,2B,28.0,35.0,,,26.6,,,,,,,,,,,
233,233,233,233,233,233,Kendrick,Howie,435062.0,Nationals,,2B,0.0,0.0,0.0,0.0,0.0,-1.0,-1.0,0.0,73%,76%,-3%,435062.0,120.0,WSH,DH,36.0,35.0,,4.86,24.8,,,,,,,,,,,
234,234,234,234,234,234,Kepler,Max,596146.0,Twins,,RF,0.0,0.0,-1.0,0.0,0.0,0.0,-1.0,1.0,82%,82%,0%,596146.0,142.0,MIN,RF,27.0,46.0,1.0,4.28,28.1,596146.0,2020.0,0.0,43.3,0.7,-0.4,0.8,1.5,34.5,30.0,13.0
235,235,235,235,235,235,Kieboom,Carter,666198.0,Nationals,,3B,0.0,0.0,-2.0,3.0,-1.0,0.0,-2.0,1.0,74%,74%,0%,666198.0,120.0,WSH,3B,22.0,34.0,,4.64,26.7,,,,,,,,,,,
236,236,236,236,236,236,Kiermaier,Kevin,595281.0,Rays,,CF,4.0,5.0,1.0,1.0,3.0,0.0,4.0,1.0,90%,86%,4%,595281.0,139.0,TB,CF,30.0,83.0,3.0,4.06,29.3,595281.0,2020.0,3.0,57.1,1.3,0.9,-0.6,1.9,35.3,35.0,20.0
237,237,237,237,237,237,Kiner-Falefa,Isiah,643396.0,Rangers,,SS,4.0,5.0,2.0,0.0,2.0,1.0,5.0,0.0,76%,74%,2%,643396.0,140.0,TEX,3B,25.0,97.0,,4.25,28.1,,,,,,,,,,,
238,238,238,238,238,238,Kingery,Scott,664068.0,Phillies,,SS,-3.0,-4.0,-1.0,-1.0,-2.0,0.0,-4.0,-1.0,67%,72%,-5%,664068.0,143.0,PHI,2B,26.0,34.0,,4.28,28.6,664068.0,2020.0,0.0,33.3,0.0,-1.1,1.0,-0.2,34.7,6.0,2.0
239,239,239,239,239,239,Kipnis,Jason,543401.0,Cubs,,2B,-3.0,-4.0,-2.0,-1.0,-1.0,-1.0,-4.0,0.0,70%,74%,-4%,543401.0,112.0,CHC,2B,33.0,37.0,,4.41,27.5,,,,,,,,,,,
240,240,240,240,240,240,Kirilloff,Alex,666135.0,Twins,,LF,0.0,0.0,0.0,0.0,0.0,0.0,0.0,0.0,100%,91%,9%,,,,,,,,,,,,,,,,,,,,
241,241,241,241,241,241,Knapp,Andrew,595284.0,Phillies,,1B,0.0,0.0,0.0,0.0,0.0,0.0,0.0,0.0,50%,49%,1%,595284.0,143.0,PHI,C,28.0,29.0,,,27.1,,,,,,,,,,,
242,242,242,242,242,242,Kratz,Erik,456124.0,Yankees,,1B,0.0,0.0,0.0,0.0,0.0,0.0,0.0,0.0,67%,62%,5%,456124.0,147.0,NYY,C,40.0,10.0,,,23.8,,,,,,,,,,,
243,243,243,243,243,243,La Stella,Tommy,600303.0,---,,2B,-3.0,-4.0,-2.0,0.0,0.0,-1.0,-4.0,0.0,65%,67%,-2%,600303.0,133.0,OAK,2B,31.0,84.0,,4.53,25.4,,,,,,,,,,,
244,244,244,244,244,244,Lagares,Juan,501571.0,Mets,,CF,0.0,0.0,0.0,0.0,0.0,0.0,0.0,0.0,100%,89%,11%,,,,,,,,,,,,,,,,,,,,
245,245,245,245,245,245,Lamb,Jake,571875.0,---,,3B,-1.0,-2.0,1.0,0.0,-2.0,0.0,-2.0,0.0,65%,67%,-2%,571875.0,133.0,OAK,3B,29.0,25.0,,,26.7,,,,,,,,,,,
246,246,246,246,246,246,Laureano,Ramon,657656.0,Athletics,,CF,2.0,2.0,0.0,2.0,0.0,1.0,2.0,0.0,92%,91%,1%,657656.0,133.0,OAK,CF,25.0,69.0,1.0,4.36,27.9,657656.0,2020.0,-1.0,48.1,-0.8,-0.5,0.2,-1.2,32.9,27.0,13.0
247,247,247,247,247,247,LeMahieu,DJ,518934.0,Yankees,,2B,-2.0,-3.0,-1.0,-2.0,0.0,0.0,-4.0,1.0,72%,73%,-1%,518934.0,147.0,NYY,2B,31.0,113.0,,4.67,26.1,,,,,,,,,,,
248,248,248,248,248,248,Lewis,Kyle,641786.0,Mariners,,CF,3.0,3.0,-1.0,2.0,2.0,1.0,3.0,0.0,91%,89%,2%,641786.0,136.0,SEA,CF,24.0,67.0,1.0,4.42,27.9,641786.0,2020.0,3.0,53.8,0.5,-1.3,0.6,-0.4,32.8,26.0,14.0
249,249,249,249,249,249,Lin,Tzu-Wei,624407.0,Red Sox,,SS,0.0,-1.0,-1.0,0.0,0.0,0.0,-1.0,0.0,82%,83%,-1%,624407.0,111.0,BOS,SS,26.0,17.0,,,27.5,,,,,,,,,,,
250,250,250,250,250,250,Lindor,Francisco,596019.0,Guardians,,SS,5.0,7.0,5.0,1.0,0.0,1.0,4.0,2.0,75%,72%,3%,596019.0,114.0,CLE,SS,26.0,82.0,,4.41,27.4,,,,,,,,,,,
251,251,251,251,251,251,Locastro,Tim,641796.0,D-backs,,CF,3.0,3.0,1.0,1.0,0.0,0.0,2.0,1.0,90%,85%,5%,641796.0,109.0,AZ,CF,27.0,24.0,21.0,4.14,30.7,641796.0,2020.0,2.0,57.1,3.7,1.9,-0.8,4.6,38.5,14.0,8.0
252,252,252,252,252,252,Long Jr.,Shed,643418.0,Mariners,,2B,-3.0,-4.0,1.0,-3.0,-2.0,0.0,-2.0,-2.0,76%,80%,-4%,643418.0,136.0,SEA,2B,24.0,47.0,,4.37,26.8,,,,,,,,,,,
253,253,253,253,253,253,Longoria,Evan,446334.0,Giants,,3B,4.0,5.0,2.0,1.0,1.0,0.0,4.0,1.0,76%,73%,3%,446334.0,137.0,SF,3B,34.0,72.0,,4.61,26.6,,,,,,,,,,,
254,254,254,254,254,254,Lopes,Tim,621005.0,Mariners,,LF,-3.0,-4.0,-2.0,-1.0,0.0,-1.0,-1.0,-3.0,78%,86%,-8%,621005.0,136.0,SEA,LF,26.0,64.0,,4.31,28.4,621005.0,2020.0,-2.0,20.0,-0.8,-1.2,1.2,-0.9,31.5,10.0,2.0
255,255,255,255,255,255,Lopez,Nicky,670032.0,Royals,,SS,5.0,7.0,3.0,6.0,-1.0,-1.0,2.0,5.0,75%,71%,4%,670032.0,118.0,KC,2B,25.0,79.0,,4.25,27.8,,,,,,,,,,,
256,256,256,256,256,256,Lorenzen,Michael,547179.0,Reds,,CF,0.0,0.0,0.0,0.0,0.0,0.0,0.0,0.0,100%,96%,4%,,,,,,,,,,,,,,,,,,,,
257,257,257,257,257,257,Lowe,Brandon,664040.0,Rays,,2B,0.0,0.0,1.0,-1.0,0.0,0.0,-1.0,0.0,73%,73%,0%,664040.0,139.0,TB,2B,25.0,70.0,,4.33,27.4,,,,,,,,,,,
258,258,258,258,258,258,Lowe,Nathaniel,663993.0,Rays,,1B,0.0,0.0,1.0,-1.0,0.0,0.0,1.0,0.0,67%,66%,1%,663993.0,139.0,TB,1B,24.0,20.0,,4.37,27.0,,,,,,,,,,,
259,259,259,259,259,259,Lugo,Dawel,608475.0,Tigers,,3B,0.0,0.0,0.0,1.0,0.0,0.0,0.0,0.0,64%,65%,-1%,608475.0,116.0,DET,3B,25.0,8.0,,,26.7,,,,,,,,,,,
260,260,260,260,260,260,Luplow,Jordan,656669.0,Guardians,,RF,-1.0,-1.0,0.0,0.0,0.0,-1.0,0.0,-1.0,80%,82%,-2%,656669.0,114.0,CLE,LF,26.0,27.0,,4.41,27.4,656669.0,2020.0,-2.0,35.7,-1.2,-0.9,-0.1,-2.4,29.9,14.0,5.0
261,261,261,261,261,261,Lux,Gavin,666158.0,Dodgers,,2B,1.0,1.0,0.0,1.0,0.0,0.0,2.0,-1.0,82%,81%,1%,666158.0,119.0,LAD,2B,22.0,21.0,,4.2,27.7,,,,,,,,,,,
262,262,262,262,262,262,Machado,Manny,592518.0,Padres,,3B,3.0,4.0,4.0,-1.0,1.0,-1.0,2.0,2.0,76%,73%,3%,592518.0,135.0,SD,3B,27.0,80.0,,4.54,26.4,,,,,,,,,,,
263,263,263,263,263,263,Machin,Vimael,605353.0,Athletics,,3B,-1.0,-2.0,-1.0,-1.0,0.0,0.0,-1.0,-1.0,62%,65%,-3%,605353.0,133.0,OAK,3B,26.0,28.0,,4.64,25.9,,,,,,,,,,,
264,264,264,264,264,264,Madrigal,Nick,663611.0,White Sox,,2B,1.0,1.0,-1.0,1.0,0.0,0.0,1.0,-1.0,78%,77%,1%,663611.0,145.0,CWS,2B,23.0,59.0,,4.27,28.0,,,,,,,,,,,
265,265,265,265,265,265,Margot,Manuel,622534.0,Rays,,CF,2.0,2.0,-2.0,2.0,2.0,1.0,0.0,3.0,94%,92%,2%,622534.0,139.0,TB,CF,25.0,91.0,6.0,4.28,28.4,622534.0,2020.0,1.0,68.0,1.2,1.8,-0.8,2.4,34.6,25.0,17.0
266,266,266,266,266,266,Marisnick,Jake,545350.0,Mets,,CF,1.0,1.0,0.0,0.0,0.0,0.0,0.0,1.0,86%,84%,2%,545350.0,121.0,NYM,CF,29.0,16.0,,,28.2,545350.0,2020.0,0.0,28.6,0.7,0.7,-1.3,0.0,31.6,7.0,2.0
267,267,267,267,267,267,Markakis,Nick,455976.0,Braves,,RF,1.0,1.0,1.0,0.0,0.0,1.0,1.0,0.0,89%,87%,2%,455976.0,144.0,ATL,RF,36.0,63.0,,4.49,26.4,455976.0,2020.0,0.0,43.8,0.1,0.4,-0.4,0.1,32.4,16.0,7.0
268,268,268,268,268,268,Marmolejos,Jose,592530.0,Mariners,,LF,-2.0,-2.0,0.0,-1.0,-2.0,0.0,0.0,-2.0,77%,82%,-5%,592530.0,136.0,SEA,LF,27.0,34.0,,4.75,25.4,592530.0,2020.0,-2.0,22.2,-2.0,-0.5,0.7,-2.0,32.2,9.0,2.0
269,269,269,269,269,269,Marte,Ketel,606466.0,D-backs,,2B,0.0,0.0,-1.0,0.0,1.0,1.0,0.0,1.0,77%,77%,0%,606466.0,109.0,AZ,2B,26.0,83.0,2.0,4.31,27.7,,,,,,,,,,,
270,270,270,270,270,270,Marte,Starling,516782.0,---,,CF,2.0,2.0,0.0,1.0,0.0,1.0,3.0,-1.0,90%,88%,2%,516782.0,146.0,MIA,CF,31.0,107.0,8.0,4.26,28.5,516782.0,2020.0,1.0,54.8,-0.7,-0.5,0.3,-1.1,32.7,31.0,17.0
271,271,271,271,271,271,Martin,Jason,641829.0,Pirates,,LF,0.0,0.0,0.0,0.0,0.0,0.0,0.0,0.0,75%,75%,0%,,,,,,,,,,,,,,,,,,,,
272,272,272,272,272,272,Martinez,J.D.,502110.0,Red Sox,,RF,0.0,0.0,0.0,1.0,-1.0,0.0,0.0,0.0,82%,86%,-4%,502110.0,111.0,BOS,DH,32.0,65.0,,4.73,25.9,502110.0,2020.0,-1.0,60.0,-2.0,0.0,-0.5,-2.7,30.2,5.0,3.0
273,273,273,273,273,273,Martinez,Jose,500874.0,Rays,,RF,-1.0,-1.0,0.0,-1.0,0.0,0.0,-1.0,0.0,75%,87%,-12%,500874.0,112.0,CHC,DH,31.0,36.0,,4.66,26.6,,,,,,,,,,,
274,274,274,274,274,274,Mateo,Jorge,622761.0,Padres,,SS,0.0,0.0,0.0,0.0,0.0,0.0,0.0,0.0,82%,81%,1%,622761.0,135.0,SD,LF,25.0,7.0,5.0,,29.8,,,,,,,,,,,
275,275,275,275,275,275,Mathias,Mark,664029.0,Brewers,,2B,0.0,0.0,1.0,-1.0,0.0,0.0,1.0,-1.0,90%,89%,1%,664029.0,158.0,MIL,RF,25.0,12.0,,,27.7,,,,,,,,,,,
276,276,276,276,276,276,Mathisen,Wyatt,621500.0,D-backs,,3B,-1.0,-1.0,-1.0,0.0,1.0,0.0,-1.0,0.0,68%,71%,-3%,621500.0,109.0,AZ,3B,26.0,5.0,,,25.9,,,,,,,,,,,
277,277,277,277,277,277,Maybin,Cameron,457727.0,---,,CF,0.0,0.0,-1.0,0.0,0.0,0.0,0.0,-1.0,89%,89%,0%,457727.0,112.0,CHC,RF,33.0,41.0,,4.39,27.6,457727.0,2020.0,0.0,50.0,-0.3,-0.1,0.6,0.2,31.6,10.0,5.0
278,278,278,278,278,278,Mayfield,Jack,608686.0,Astros,,3B,2.0,3.0,2.0,1.0,0.0,0.0,1.0,2.0,77%,70%,7%,608686.0,117.0,HOU,3B,29.0,10.0,,,25.8,,,,,,,,,,,
279,279,279,279,279,279,Mazara,Nomar,608577.0,White Sox,,RF,1.0,1.0,0.0,0.0,1.0,1.0,1.0,0.0,90%,90%,0%,608577.0,145.0,CWS,RF,25.0,58.0,,4.57,25.8,608577.0,2020.0,0.0,53.3,-0.9,-0.9,1.3,-0.4,31.4,15.0,8.0
280,280,280,280,280,280,McBroom,Ryan,643436.0,Royals,,RF,0.0,-1.0,0.0,0.0,0.0,0.0,-1.0,0.0,76%,79%,-3%,643436.0,118.0,KC,1B,28.0,21.0,,,26.5,,,,,,,,,,,
281,281,281,281,281,281,McCarthy,Joe,663411.0,Giants,,LF,-1.0,-1.0,-1.0,0.0,0.0,0.0,-1.0,0.0,60%,71%,-11%,,,,,,,,,,,,,,,,,,,,
282,282,282,282,282,282,McCutchen,Andrew,457705.0,Phillies,,CF,-3.0,-4.0,-1.0,-1.0,-2.0,-1.0,-1.0,-2.0,78%,84%,-6%,457705.0,143.0,PHI,LF,33.0,54.0,,4.45,27.4,457705.0,2020.0,-2.0,26.7,-1.5,-1.3,0.7,-1.8,31.0,15.0,4.0
283,283,283,283,283,283,McKinney,Billy,641856.0,Blue Jays,,RF,0.0,0.0,0.0,0.0,0.0,0.0,0.0,0.0,100%,100%,0%,,,,,,,,,,,,,,,,,,,,
284,284,284,284,284,284,McKinstry,Zach,656716.0,Dodgers,,2B,0.0,0.0,0.0,0.0,0.0,0.0,0.0,0.0,100%,96%,4%,,,,,,,,,,,,,,,,,,,,
285,285,285,285,285,285,McMahon,Ryan,641857.0,Rockies,,3B,0.0,0.0,1.0,-2.0,1.0,0.0,-1.0,1.0,76%,76%,0%,641857.0,115.0,COL,2B,25.0,51.0,,4.61,25.9,,,,,,,,,,,
286,286,286,286,286,286,McNeil,Jeff,643446.0,Mets,,2B,1.0,1.0,1.0,-1.0,0.0,1.0,0.0,1.0,83%,82%,1%,643446.0,121.0,NYM,LF,28.0,63.0,,4.13,27.1,643446.0,2020.0,1.0,69.2,-0.5,-1.1,0.7,-1.4,33.0,13.0,9.0
287,287,287,287,287,287,Meadows,Austin,640457.0,Rays,,LF,1.0,1.0,2.0,0.0,-1.0,0.0,1.0,0.0,86%,84%,2%,640457.0,139.0,TB,LF,25.0,32.0,,4.49,26.5,640457.0,2020.0,0.0,42.9,0.2,-0.7,0.6,0.4,33.1,14.0,6.0
288,288,288,288,288,288,Mejia,Erick,625510.0,Royals,,CF,0.0,-1.0,-1.0,0.0,0.0,0.0,0.0,-1.0,58%,63%,-5%,,,,,,,,,,,,,,,,,,,,
289,289,289,289,289,289,Mendick,Danny,664901.0,White Sox,,2B,0.0,1.0,3.0,-2.0,-1.0,0.0,-1.0,2.0,78%,77%,1%,664901.0,145.0,CWS,2B,26.0,49.0,,4.64,26.0,,,,,,,,,,,
290,290,290,290,290,290,Mercado,Oscar,640458.0,Guardians,,CF,2.0,2.0,0.0,2.0,1.0,-1.0,0.0,2.0,90%,88%,2%,640458.0,114.0,CLE,CF,25.0,24.0,,4.43,28.1,640458.0,2020.0,1.0,53.3,-2.6,0.4,0.4,-2.4,29.1,15.0,8.0
291,291,291,291,291,291,Mercer,Jordy,474568.0,---,,SS,0.0,0.0,0.0,0.0,0.0,0.0,0.0,0.0,100%,94%,6%,474568.0,147.0,NYY,SS,33.0,10.0,,,26.5,,,,,,,,,,,
292,292,292,292,292,292,Merrifield,Whit,593160.0,Royals,,2B,2.0,3.0,4.0,0.0,-1.0,0.0,0.0,3.0,86%,84%,2%,593160.0,118.0,KC,RF,31.0,79.0,1.0,4.33,28.4,593160.0,2020.0,-1.0,38.9,-0.8,-0.1,0.2,-0.6,32.2,18.0,7.0
293,293,293,293,293,293,Miller,Brad,543543.0,Cardinals,,2B,-1.0,-2.0,-2.0,1.0,0.0,0.0,-1.0,-1.0,66%,72%,-6%,543543.0,138.0,STL,DH,30.0,46.0,,4.34,27.3,,,,,,,,,,,
294,294,294,294,294,294,Molina,Yadier,425877.0,Cardinals,,1B,0.0,0.0,0.0,0.0,0.0,0.0,0.0,0.0,100%,98%,2%,425877.0,138.0,STL,C,37.0,49.0,,5.02,23.1,,,,,,,,,,,
295,295,295,295,295,295,Moncada,Yoan,660162.0,White Sox,,3B,-1.0,-2.0,1.0,-2.0,-1.0,1.0,0.0,-2.0,78%,79%,-1%,660162.0,145.0,CWS,3B,25.0,57.0,2.0,,27.5,,,,,,,,,,,
296,296,296,296,296,296,Mondesi,Adalberto,609275.0,Royals,,SS,2.0,3.0,2.0,0.0,0.0,1.0,1.0,2.0,71%,70%,1%,609275.0,118.0,KC,SS,24.0,69.0,24.0,4.16,29.4,,,,,,,,,,,
297,297,297,297,297,297,Moniak,Mickey,666160.0,Phillies,,CF,-1.0,-1.0,0.0,0.0,-1.0,-1.0,-1.0,-1.0,86%,96%,-10%,,,,,,,,,,,,,,,,,,,,
298,298,298,298,298,298,Moore,Dylan,664238.0,Mariners,,2B,-1.0,-1.0,-2.0,0.0,0.0,1.0,1.0,-2.0,85%,86%,-1%,664238.0,136.0,SEA,RF,27.0,44.0,,4.32,27.7,664238.0,2020.0,1.0,62.5,0.7,0.3,2.1,3.8,35.6,8.0,5.0
299,299,299,299,299,299,Moran,Colin,592567.0,Pirates,,3B,1.0,1.0,0.0,1.0,0.0,0.0,-1.0,2.0,75%,73%,2%,592567.0,134.0,PIT,DH,27.0,62.0,,4.86,24.2,,,,,,,,,,,
300,300,300,300,300,300,Moreland,Mitch,519048.0,---,,1B,1.0,1.0,0.0,1.0,-1.0,0.0,1.0,0.0,62%,61%,1%,519048.0,135.0,SD,1B,34.0,50.0,,4.63,24.2,,,,,,,,,,,
301,301,301,301,301,301,Morrison,Logan,489149.0,Brewers,,1B,0.0,0.0,0.0,0.0,0.0,0.0,0.0,0.0,67%,69%,-2%,489149.0,158.0,MIL,DH,32.0,5.0,,,22.3,,,,,,,,,,,
302,302,302,302,302,302,Mountcastle,Ryan,663624.0,Orioles,,1B,0.0,-1.0,1.0,0.0,0.0,-1.0,-1.0,1.0,80%,81%,-1%,663624.0,110.0,BAL,LF,23.0,47.0,1.0,4.35,28.0,663624.0,2020.0,-1.0,40.0,-1.8,-0.9,0.4,-2.3,27.9,5.0,2.0
303,303,303,303,303,303,Moustakas,Mike,519058.0,Reds,,3B,-2.0,-3.0,0.0,-2.0,-1.0,0.0,-1.0,-2.0,75%,78%,-3%,519058.0,113.0,CIN,2B,31.0,41.0,,4.8,24.9,,,,,,,,,,,
304,304,304,304,304,304,Mullins,Cedric,656775.0,Orioles,,CF,5.0,5.0,0.0,3.0,2.0,0.0,3.0,2.0,97%,92%,5%,656775.0,110.0,BAL,CF,25.0,47.0,11.0,,28.7,656775.0,2020.0,4.0,85.7,2.4,-0.6,-1.3,0.6,34.3,21.0,18.0
305,305,305,305,305,305,Muncy,Max,571970.0,Dodgers,,1B,-3.0,-4.0,-6.0,-1.0,1.0,1.0,-4.0,-1.0,66%,68%,-2%,571970.0,119.0,LAD,1B,29.0,79.0,,4.39,27.3,,,,,,,,,,,
306,306,306,306,306,306,Munoz,Yairo,622168.0,Red Sox,,SS,0.0,0.0,0.0,0.0,0.0,0.0,0.0,0.0,82%,84%,-2%,622168.0,111.0,BOS,LF,25.0,16.0,,4.33,28.4,622168.0,2020.0,0.0,40.0,-0.7,-0.9,-0.4,-2.2,31.3,5.0,2.0
307,307,307,307,307,307,Murphy,Daniel,502517.0,Rockies,,2B,-2.0,-3.0,1.0,-3.0,-1.0,0.0,-1.0,-2.0,62%,67%,-5%,502517.0,115.0,COL,1B,35.0,44.0,,4.55,26.5,,,,,,,,,,,
308,308,308,308,308,308,Myers,Wil,571976.0,Padres,,1B,1.0,1.0,1.0,0.0,0.0,0.0,-1.0,1.0,89%,89%,0%,571976.0,135.0,SD,RF,29.0,60.0,1.0,4.36,28.3,571976.0,2020.0,-1.0,36.8,-1.1,-1.0,-0.3,-2.9,30.7,19.0,7.0
309,309,309,309,309,309,Naquin,Tyler,571980.0,Guardians,,RF,-5.0,-5.0,-1.0,-3.0,-2.0,1.0,-4.0,-1.0,83%,89%,-6%,571980.0,114.0,CLE,RF,29.0,47.0,,4.5,26.9,571980.0,2020.0,-4.0,13.3,-2.5,-1.1,-0.3,-4.5,26.5,15.0,2.0
310,310,310,310,310,310,Naylor,Josh,647304.0,---,,RF,0.0,1.0,1.0,0.0,0.0,0.0,-1.0,1.0,88%,86%,2%,647304.0,114.0,CLE,LF,23.0,46.0,,4.43,26.9,647304.0,2020.0,-1.0,37.5,-1.2,-0.5,0.7,-1.2,32.5,8.0,3.0
311,311,311,311,311,311,Newman,Kevin,621028.0,Pirates,,SS,-2.0,-3.0,-1.0,0.0,-2.0,0.0,0.0,-3.0,71%,73%,-2%,621028.0,134.0,PIT,SS,26.0,63.0,,4.39,27.6,,,,,,,,,,,
312,312,312,312,312,312,Nimmo,Brandon,607043.0,Mets,,CF,-2.0,-2.0,-1.0,0.0,-1.0,0.0,-1.0,-2.0,83%,85%,-2%,607043.0,121.0,NYM,CF,27.0,83.0,,4.32,28.0,607043.0,2020.0,-1.0,32.0,-0.8,-0.7,0.3,-1.0,31.7,25.0,8.0
313,313,313,313,313,313,Nogowski,John,596056.0,Cardinals,,1B,0.0,0.0,0.0,0.0,0.0,0.0,0.0,0.0,50%,48%,2%,,,,,,,,,,,,,,,,,,,,
314,314,314,314,314,314,Nola,Austin,543592.0,Mariners,,1B,0.0,1.0,0.0,0.0,0.0,0.0,0.0,0.0,86%,77%,9%,543592.0,135.0,SD,C,30.0,54.0,,4.73,26.3,,,,,,,,,,,
315,315,315,315,315,315,Noll,Jake,669738.0,Nationals,,1B,-1.0,-1.0,0.0,-1.0,0.0,0.0,-1.0,0.0,73%,80%,-7%,669738.0,120.0,WSH,1B,26.0,6.0,,,26.9,,,,,,,,,,,
316,316,316,316,316,316,Nunez,Eduardo,456488.0,Mets,,3B,0.0,0.0,0.0,0.0,0.0,0.0,0.0,0.0,100%,100%,0%,,,,,,,,,,,,,,,,,,,,
317,317,317,317,317,317,Nunez,Renato,600524.0,Orioles,,3B,-3.0,-4.0,-1.0,-2.0,0.0,-1.0,-4.0,0.0,63%,69%,-6%,600524.0,110.0,BAL,1B,26.0,53.0,,4.68,26.6,,,,,,,,,,,
318,318,318,318,318,318,O'Grady,Brian,657434.0,Rays,,CF,-1.0,-1.0,0.0,-1.0,0.0,0.0,-1.0,0.0,0%,86%,-86%,,,,,,,,,,,,,,,,,,,,
319,319,319,319,319,319,O'Hearn,Ryan,656811.0,Royals,,1B,0.0,-1.0,-1.0,1.0,0.0,0.0,1.0,-1.0,75%,76%,-1%,656811.0,118.0,KC,1B,26.0,30.0,,4.57,26.3,,,,,,,,,,,
320,320,320,320,320,320,O'Neill,Tyler,641933.0,Cardinals,,LF,3.0,4.0,0.0,1.0,0.0,2.0,2.0,1.0,93%,89%,4%,641933.0,138.0,STL,LF,25.0,46.0,13.0,4.22,29.6,641933.0,2020.0,2.0,58.8,0.6,-0.2,1.0,1.2,33.6,17.0,10.0
321,321,321,321,321,321,Odor,Rougned,596059.0,Rangers,,2B,1.0,1.0,-1.0,1.0,0.0,1.0,0.0,2.0,77%,76%,1%,596059.0,140.0,TEX,2B,26.0,27.0,,4.48,27.0,,,,,,,,,,,
322,322,322,322,322,322,Oliva,Jared,666931.0,Pirates,,RF,0.0,0.0,0.0,0.0,0.0,0.0,0.0,0.0,100%,92%,8%,666931.0,134.0,PIT,LF,24.0,5.0,2.0,,29.0,,,,,,,,,,,
323,323,323,323,323,323,Olivares,Edward,658668.0,---,,RF,-2.0,-2.0,-1.0,-2.0,2.0,-1.0,0.0,-2.0,83%,86%,-3%,658668.0,118.0,KC,CF,24.0,37.0,2.0,4.26,28.9,658668.0,2020.0,-2.0,31.3,-0.8,-0.2,0.8,-0.3,32.3,16.0,5.0
324,324,324,324,324,324,Olson,Matt,621566.0,Athletics,,1B,0.0,0.0,1.0,1.0,-2.0,1.0,-1.0,1.0,74%,74%,0%,621566.0,133.0,OAK,1B,26.0,46.0,,4.65,25.9,,,,,,,,,,,
325,325,325,325,325,325,Orf,Nate,644337.0,Athletics,,2B,-1.0,-2.0,0.0,-2.0,0.0,0.0,-2.0,0.0,67%,92%,-25%,,,,,,,,,,,,,,,,,,,,
326,326,326,326,326,326,Osuna,Jose,591741.0,Pirates,,1B,-1.0,-1.0,1.0,-1.0,0.0,0.0,-1.0,0.0,80%,82%,-2%,591741.0,134.0,PIT,RF,27.0,20.0,,4.5,27.3,,,,,,,,,,,
327,327,327,327,327,327,Owings,Chris,572008.0,Rockies,,SS,-1.0,-2.0,0.0,0.0,-1.0,0.0,0.0,-1.0,74%,78%,-4%,572008.0,115.0,COL,2B,28.0,13.0,,,28.3,,,,,,,,,,,
328,328,328,328,328,328,Ozuna,Marcell,542303.0,Braves,,LF,-2.0,-2.0,-1.0,0.0,-1.0,0.0,-2.0,0.0,86%,90%,-4%,542303.0,144.0,ATL,DH,29.0,78.0,,4.51,27.1,542303.0,2020.0,-3.0,12.5,-2.2,-0.1,-0.3,-2.9,30.2,8.0,1.0
329,329,329,329,329,329,Pache,Cristian,665506.0,Braves,,CF,1.0,1.0,1.0,0.0,1.0,0.0,0.0,1.0,91%,88%,3%,665506.0,144.0,ATL,CF,21.0,16.0,,4.38,28.9,665506.0,2020.0,1.0,57.1,1.7,1.4,-0.8,2.3,34.6,7.0,4.0
330,330,330,330,330,330,Panik,Joe,605412.0,Blue Jays,,2B,0.0,0.0,0.0,0.0,0.0,0.0,-1.0,0.0,74%,75%,-1%,605412.0,141.0,TOR,2B,29.0,36.0,,4.51,26.4,,,,,,,,,,,
331,331,331,331,331,331,Paredes,Isaac,670623.0,Tigers,,3B,-3.0,-3.0,-2.0,0.0,-1.0,-1.0,-3.0,0.0,67%,70%,-3%,670623.0,116.0,DET,3B,21.0,35.0,,4.89,25.5,,,,,,,,,,,
332,332,332,332,332,332,Payton,Mark,592622.0,Reds,,LF,0.0,0.0,0.0,0.0,0.0,0.0,0.0,0.0,100%,100%,0%,,,,,,,,,,,,,,,,,,,,
333,333,333,333,333,333,Pederson,Joc,592626.0,Dodgers,,CF,-2.0,-2.0,-2.0,0.0,-1.0,0.0,-2.0,-1.0,86%,89%,-3%,592626.0,119.0,LAD,LF,28.0,40.0,1.0,4.43,26.5,592626.0,2020.0,-2.0,38.5,-1.6,-0.9,0.2,-1.5,32.6,13.0,5.0
334,334,334,334,334,334,Pence,Hunter,452254.0,Giants,,RF,-2.0,-2.0,0.0,-2.0,0.0,0.0,-1.0,-1.0,85%,93%,-8%,452254.0,137.0,SF,RF,37.0,16.0,,4.46,27.8,,,,,,,,,,,
335,335,335,335,335,335,Peralta,David,444482.0,D-backs,,LF,1.0,1.0,1.0,-1.0,1.0,0.0,0.0,1.0,87%,86%,1%,444482.0,109.0,AZ,LF,32.0,84.0,,4.38,27.0,444482.0,2020.0,0.0,45.5,1.0,1.3,-0.3,2.6,34.9,22.0,10.0
336,336,336,336,336,336,Peraza,Jose,606299.0,Red Sox,,SS,2.0,3.0,0.0,3.0,-1.0,0.0,1.0,2.0,72%,69%,3%,606299.0,111.0,BOS,2B,26.0,43.0,,4.26,28.2,,,,,,,,,,,
337,337,337,337,337,337,Perez,Michael,605421.0,Rays,,1B,0.0,0.0,0.0,0.0,0.0,0.0,0.0,0.0,75%,72%,3%,605421.0,139.0,TB,C,27.0,21.0,,,24.8,,,,,,,,,,,
338,338,338,338,338,338,Perez,Salvador,521692.0,Royals,,1B,0.0,1.0,0.0,1.0,0.0,0.0,1.0,0.0,100%,80%,20%,521692.0,118.0,KC,C,30.0,45.0,,4.81,25.1,,,,,,,,,,,
339,339,339,339,339,339,Peterson,Jace,607054.0,Brewers,,2B,0.0,0.0,0.0,2.0,-2.0,0.0,-1.0,1.0,82%,83%,-1%,607054.0,158.0,MIL,RF,30.0,13.0,,,26.7,607054.0,2020.0,1.0,80.0,0.9,-0.2,0.8,1.2,35.4,5.0,4.0
340,340,340,340,340,340,Pham,Tommy,502054.0,Padres,,LF,-1.0,-1.0,0.0,-2.0,0.0,0.0,0.0,-1.0,80%,82%,-2%,502054.0,135.0,SD,LF,32.0,46.0,2.0,4.45,28.2,502054.0,2020.0,0.0,36.4,0.1,1.1,0.8,2.1,36.1,11.0,4.0
341,341,341,341,341,341,Phillips,Brett,621433.0,---,,CF,0.0,0.0,0.0,0.0,1.0,-1.0,0.0,0.0,93%,93%,0%,621433.0,139.0,TB,CF,26.0,20.0,,,28.9,,,,,,,,,,,
342,342,342,342,342,342,Pillar,Kevin,607680.0,---,,CF,-2.0,-2.0,1.0,-2.0,-1.0,0.0,0.0,-2.0,82%,84%,-2%,607680.0,115.0,COL,CF,31.0,68.0,,4.28,27.8,607680.0,2020.0,-2.0,38.7,-1.0,-0.4,0.9,-0.9,32.8,31.0,12.0
343,343,343,343,343,343,Pinder,Chad,640461.0,Athletics,,LF,1.0,1.0,1.0,0.0,1.0,0.0,2.0,-1.0,76%,74%,2%,640461.0,133.0,OAK,2B,28.0,33.0,1.0,4.59,26.9,,,,,,,,,,,
344,344,344,344,344,344,Piscotty,Stephen,572039.0,Athletics,,RF,-2.0,-2.0,0.0,-2.0,1.0,-1.0,-1.0,0.0,89%,92%,-3%,572039.0,133.0,OAK,RF,29.0,43.0,,4.59,26.5,572039.0,2020.0,-2.0,38.5,-1.3,-1.4,0.8,-2.0,31.2,13.0,5.0
345,345,345,345,345,345,Plawecki,Kevin,608700.0,Red Sox,,1B,0.0,0.0,0.0,0.0,0.0,0.0,0.0,0.0,100%,97%,3%,608700.0,111.0,BOS,C,29.0,33.0,,4.73,25.5,,,,,,,,,,,
346,346,346,346,346,346,Polanco,Gregory,570256.0,Pirates,,RF,2.0,2.0,0.0,1.0,1.0,1.0,1.0,1.0,94%,91%,3%,570256.0,134.0,PIT,RF,28.0,23.0,,4.29,27.4,570256.0,2020.0,1.0,66.7,-0.9,-1.3,0.9,-1.6,31.3,12.0,8.0
347,347,347,347,347,347,Polanco,Jorge,593871.0,Twins,,SS,0.0,0.0,1.0,1.0,-1.0,0.0,-1.0,1.0,73%,73%,0%,593871.0,142.0,MIN,SS,26.0,66.0,1.0,4.16,27.8,,,,,,,,,,,
348,348,348,348,348,348,Pollock,AJ,572041.0,Dodgers,,CF,-1.0,-2.0,-1.0,0.0,-2.0,1.0,0.0,-2.0,84%,86%,-2%,572041.0,119.0,LAD,LF,32.0,77.0,2.0,4.39,28.2,572041.0,2020.0,-1.0,42.9,0.0,-0.7,0.6,0.1,33.3,21.0,9.0
349,349,349,349,349,349,Profar,Jurickson,595777.0,Padres,,2B,-1.0,-1.0,0.0,-1.0,-1.0,0.0,-1.0,0.0,77%,78%,-1%,595777.0,135.0,SD,LF,27.0,74.0,,4.36,27.0,595777.0,2020.0,0.0,47.1,-0.4,1.3,0.1,0.7,33.8,17.0,8.0
350,350,350,350,350,350,Puello,Cesar,527049.0,Red Sox,,CF,0.0,0.0,0.0,0.0,0.0,0.0,0.0,0.0,89%,88%,1%,,,,,,,,,,,,,,,,,,,,
351,351,351,351,351,351,Pujols,Albert,405395.0,Angels,,1B,2.0,2.0,0.0,1.0,0.0,0.0,0.0,2.0,81%,76%,5%,405395.0,108.0,LAA,1B,40.0,44.0,,,22.0,,,,,,,,,,,
352,352,352,352,352,352,Perez,Hernan,541650.0,Cubs,,3B,1.0,1.0,0.0,1.0,0.0,0.0,1.0,0.0,50%,33%,17%,,,,,,,,,,,,,,,,,,,,
353,353,353,353,353,353,Quinn,Roman,596451.0,Phillies,,CF,1.0,1.0,1.0,1.0,-1.0,0.0,-1.0,2.0,88%,87%,1%,596451.0,143.0,PHI,CF,27.0,32.0,25.0,3.94,30.5,596451.0,2020.0,2.0,56.3,3.0,-0.2,0.5,3.1,36.9,16.0,9.0
354,354,354,354,354,354,Ramirez,Harold,623912.0,Marlins,,LF,0.0,0.0,0.0,0.0,0.0,0.0,0.0,0.0,100%,100%,0%,,,,,,,,,,,,,,,,,,,,
355,355,355,355,355,355,Ramirez,Jose,608070.0,Guardians,,3B,-2.0,-2.0,2.0,-1.0,-2.0,-1.0,-1.0,-1.0,66%,67%,-1%,608070.0,114.0,CLE,3B,27.0,66.0,,4.38,27.2,,,,,,,,,,,
356,356,356,356,356,356,Ravelo,Rangel,592660.0,Cardinals,,1B,-1.0,-1.0,0.0,0.0,-1.0,0.0,-1.0,-1.0,70%,85%,-15%,592660.0,138.0,STL,RF,28.0,13.0,,,24.6,,,,,,,,,,,
357,357,357,357,357,357,Realmuto,J.T.,592663.0,Phillies,,1B,0.0,0.0,0.0,0.0,0.0,0.0,0.0,0.0,50%,55%,-5%,592663.0,143.0,PHI,C,29.0,67.0,,4.39,28.2,,,,,,,,,,,
358,358,358,358,358,358,Reddick,Josh,502210.0,Astros,,RF,-4.0,-5.0,1.0,-3.0,-2.0,0.0,-4.0,-1.0,84%,88%,-4%,502210.0,117.0,HOU,RF,33.0,65.0,,4.48,26.2,502210.0,2020.0,-4.0,29.2,-2.0,-0.8,0.5,-3.0,30.2,24.0,7.0
359,359,359,359,359,359,Refsnyder,Rob,608701.0,Rangers,,RF,0.0,1.0,0.0,0.0,0.0,0.0,1.0,0.0,75%,71%,4%,608701.0,140.0,TEX,DH,29.0,9.0,,,27.0,,,,,,,,,,,
360,360,360,360,360,360,Rendon,Anthony,543685.0,Angels,,3B,1.0,1.0,2.0,0.0,0.0,0.0,1.0,0.0,73%,73%,0%,543685.0,108.0,LAA,3B,30.0,54.0,,4.69,26.4,,,,,,,,,,,
361,361,361,361,361,361,Renfroe,Hunter,592669.0,Rays,,RF,0.0,0.0,1.0,-1.0,-1.0,0.0,1.0,-1.0,82%,82%,0%,592669.0,139.0,TB,RF,28.0,35.0,,4.42,27.3,592669.0,2020.0,0.0,37.5,0.2,0.3,0.6,1.2,35.0,24.0,9.0
362,362,362,362,362,362,Rengifo,Luis,650859.0,Angels,,2B,-2.0,-3.0,0.0,-3.0,1.0,-1.0,0.0,-3.0,75%,78%,-3%,650859.0,108.0,LAA,2B,23.0,35.0,,4.32,27.6,,,,,,,,,,,
363,363,363,363,363,363,Reyes,Franmil,614177.0,Guardians,,RF,0.0,-1.0,0.0,-1.0,0.0,0.0,0.0,-1.0,0%,55%,-55%,614177.0,114.0,CLE,DH,24.0,73.0,,4.77,26.2,,,,,,,,,,,
364,364,364,364,364,364,Reyes,Victor,622682.0,Tigers,,RF,0.0,0.0,1.0,1.0,0.0,-1.0,0.0,0.0,92%,92%,0%,622682.0,116.0,DET,CF,25.0,69.0,3.0,4.37,27.9,622682.0,2020.0,-1.0,50.0,-1.2,-1.0,0.4,-2.0,31.8,18.0,9.0
365,365,365,365,365,365,Reynolds,Bryan,668804.0,Pirates,,CF,1.0,1.0,1.0,1.0,0.0,-1.0,0.0,1.0,92%,92%,0%,668804.0,134.0,PIT,LF,25.0,53.0,1.0,4.3,28.2,668804.0,2020.0,1.0,66.7,-0.5,-1.3,0.9,-1.1,32.0,18.0,12.0
366,366,366,366,366,366,Reynolds,Matt,608703.0,Royals,,SS,0.0,0.0,0.0,0.0,0.0,0.0,0.0,0.0,83%,78%,5%,,,,,,,,,,,,,,,,,,,,
367,367,367,367,367,367,Rickard,Joey,572073.0,Giants,,RF,0.0,0.0,0.0,0.0,0.0,0.0,0.0,0.0,100%,97%,3%,,,,,,,,,,,,,,,,,,,,
368,368,368,368,368,368,Riddle,JT,595375.0,Pirates,,SS,-4.0,-5.0,-4.0,0.0,-1.0,0.0,-6.0,1.0,67%,75%,-8%,595375.0,134.0,PIT,3B,28.0,32.0,,4.56,26.8,,,,,,,,,,,
369,369,369,369,369,369,Riley,Austin,663586.0,Braves,,3B,-4.0,-5.0,0.0,-3.0,-2.0,-1.0,-5.0,-1.0,66%,69%,-3%,663586.0,144.0,ATL,3B,23.0,71.0,1.0,4.62,26.9,,,,,,,,,,,
370,370,370,370,370,370,Rivera,Yadiel,592680.0,Rangers,,3B,0.0,0.0,0.0,0.0,0.0,0.0,0.0,0.0,100%,96%,4%,,,,,,,,,,,,,,,,,,,,
371,371,371,371,371,371,Rizzo,Anthony,519203.0,Cubs,,1B,2.0,3.0,2.0,0.0,2.0,-1.0,-2.0,5.0,80%,78%,2%,519203.0,112.0,CHC,1B,30.0,54.0,,4.69,24.8,,,,,,,,,,,
372,372,372,372,372,372,Robert Jr.,Luis,673357.0,White Sox,,CF,6.0,6.0,1.0,3.0,4.0,-2.0,5.0,2.0,93%,89%,4%,673357.0,145.0,CWS,CF,22.0,59.0,15.0,4.24,29.1,673357.0,2020.0,6.0,74.4,0.6,-0.2,0.7,1.0,34.9,39.0,29.0
373,373,373,373,373,373,Robertson,Daniel,621002.0,Giants,,2B,0.0,0.0,1.0,0.0,-1.0,0.0,0.0,-1.0,77%,79%,-2%,621002.0,137.0,SF,SS,26.0,9.0,,,25.5,,,,,,,,,,,
374,374,374,374,374,374,Robles,Victor,645302.0,Nationals,,CF,1.0,1.0,0.0,0.0,0.0,1.0,1.0,0.0,88%,87%,1%,645302.0,120.0,WSH,CF,23.0,61.0,4.0,4.39,28.0,645302.0,2020.0,1.0,50.0,1.7,-0.9,-1.9,-1.2,32.1,32.0,16.0
375,375,375,375,375,375,Rodgers,Brendan,663898.0,Rockies,,2B,-1.0,-1.0,0.0,-1.0,0.0,0.0,-1.0,0.0,69%,77%,-8%,663898.0,115.0,COL,2B,23.0,11.0,,,27.5,,,,,,,,,,,
376,376,376,376,376,376,Rodriguez,Sean,446481.0,Marlins,,2B,0.0,0.0,0.0,0.0,0.0,0.0,0.0,0.0,75%,64%,11%,,,,,,,,,,,,,,,,,,,,
377,377,377,377,377,377,Rojas,Josh,668942.0,D-backs,,3B,1.0,2.0,0.0,0.0,1.0,0.0,0.0,2.0,78%,71%,7%,668942.0,109.0,AZ,2B,26.0,21.0,,,27.3,,,,,,,,,,,
378,378,378,378,378,378,Rojas,Miguel,500743.0,Marlins,,SS,2.0,3.0,3.0,0.0,0.0,0.0,1.0,2.0,80%,79%,1%,500743.0,146.0,MIA,SS,31.0,57.0,,4.58,26.5,,,,,,,,,,,
379,379,379,379,379,379,Romine,Andrew,461865.0,Rangers,,SS,0.0,0.0,0.0,0.0,0.0,0.0,0.0,0.0,75%,69%,6%,,,,,,,,,,,,,,,,,,,,
380,380,380,380,380,380,Romine,Austin,519222.0,Tigers,,1B,0.0,0.0,0.0,0.0,0.0,0.0,0.0,0.0,100%,90%,10%,519222.0,116.0,DET,C,31.0,39.0,,4.77,25.1,,,,,,,,,,,
381,381,381,381,381,381,Rooker,Brent,667670.0,Twins,,LF,-2.0,-2.0,0.0,-2.0,-1.0,0.0,-2.0,0.0,50%,78%,-28%,667670.0,142.0,MIN,RF,25.0,8.0,,,26.2,,,,,,,,,,,
382,382,382,382,382,382,Rosario,Amed,642708.0,Mets,,SS,2.0,2.0,3.0,0.0,-2.0,1.0,3.0,-1.0,68%,66%,2%,642708.0,121.0,NYM,SS,24.0,61.0,2.0,4.26,28.7,,,,,,,,,,,
383,383,383,383,383,383,Rosario,Eddie,592696.0,Twins,,LF,-1.0,-1.0,0.0,-2.0,0.0,1.0,-1.0,0.0,85%,86%,-1%,592696.0,142.0,MIN,LF,28.0,62.0,1.0,4.31,26.8,592696.0,2020.0,-2.0,38.5,-1.1,0.2,0.5,-1.0,32.4,26.0,10.0
384,384,384,384,384,384,Ruf,Darin,573131.0,Giants,,1B,-1.0,-1.0,0.0,-1.0,0.0,0.0,-2.0,1.0,75%,79%,-4%,573131.0,137.0,SF,LF,33.0,29.0,,4.73,25.7,573131.0,2020.0,-1.0,20.0,-1.9,0.4,0.3,-0.6,29.1,5.0,1.0
385,385,385,385,385,385,Ruiz,Rio,547004.0,Orioles,,3B,2.0,2.0,-2.0,2.0,2.0,0.0,0.0,2.0,74%,72%,2%,547004.0,110.0,BAL,3B,26.0,65.0,,4.77,25.2,,,,,,,,,,,
386,386,386,386,386,386,Rios,Edwin,621458.0,Dodgers,,3B,0.0,0.0,1.0,2.0,-3.0,-1.0,0.0,0.0,74%,73%,1%,621458.0,119.0,LAD,3B,26.0,30.0,,4.63,26.3,,,,,,,,,,,
387,387,387,387,387,387,Sanchez,Yolmer,570560.0,White Sox,,2B,-1.0,-2.0,0.0,0.0,-1.0,0.0,0.0,-1.0,67%,75%,-8%,570560.0,145.0,CWS,3B,28.0,9.0,,,26.9,,,,,,,,,,,
388,388,388,388,388,388,Sandoval,Pablo,467055.0,---,,3B,0.0,1.0,0.0,0.0,0.0,0.0,0.0,0.0,71%,70%,1%,467055.0,144.0,ATL,DH,33.0,29.0,,4.73,24.0,,,,,,,,,,,
389,389,389,389,389,389,Santana,Carlos,467793.0,Guardians,,1B,1.0,2.0,1.0,2.0,0.0,-1.0,-1.0,3.0,75%,73%,2%,467793.0,114.0,CLE,1B,34.0,60.0,,,25.5,,,,,,,,,,,
390,390,390,390,390,390,Santana,Danny,542454.0,Rangers,,CF,2.0,2.0,-1.0,1.0,1.0,0.0,2.0,0.0,88%,81%,7%,542454.0,140.0,TEX,1B,29.0,17.0,,,26.8,,,,,,,,,,,
391,391,391,391,391,391,Santana,Domingo,570267.0,Guardians,,RF,-2.0,-2.0,-1.0,-1.0,0.0,0.0,-1.0,-1.0,85%,90%,-5%,570267.0,114.0,CLE,RF,27.0,24.0,,4.54,26.8,570267.0,2020.0,-2.0,0.0,-3.5,-2.0,0.8,-5.9,27.0,6.0,0.0
392,392,392,392,392,392,Santander,Anthony,623993.0,Orioles,,RF,1.0,1.0,-1.0,-1.0,0.0,2.0,1.0,0.0,91%,90%,1%,623993.0,110.0,BAL,RF,25.0,40.0,,,26.7,623993.0,2020.0,0.0,53.3,1.1,0.1,-1.3,0.6,31.8,15.0,8.0
393,393,393,393,393,393,Sano,Miguel,593934.0,Twins,,3B,0.0,-1.0,-1.0,-1.0,1.0,0.0,-1.0,0.0,74%,74%,0%,593934.0,142.0,MIN,1B,27.0,36.0,,4.72,26.5,,,,,,,,,,,
394,394,394,394,394,394,Schoop,Jonathan,570731.0,Tigers,,2B,3.0,5.0,2.0,2.0,1.0,0.0,-1.0,5.0,78%,75%,3%,570731.0,116.0,DET,2B,28.0,65.0,,4.5,27.2,,,,,,,,,,,
395,395,395,395,395,395,Schrock,Max,621011.0,Cardinals,,2B,0.0,0.0,0.0,0.0,0.0,0.0,0.0,0.0,75%,74%,1%,,,,,,,,,,,,,,,,,,,,
396,396,396,396,396,396,Schwarber,Kyle,656941.0,Cubs,,LF,-2.0,-3.0,0.0,-1.0,-2.0,0.0,-1.0,-2.0,79%,83%,-4%,656941.0,112.0,CHC,LF,27.0,59.0,1.0,4.36,26.9,656941.0,2020.0,-4.0,25.0,-1.4,-0.9,0.8,-2.0,30.2,24.0,6.0
397,397,397,397,397,397,Seager,Corey,608369.0,Dodgers,,SS,1.0,2.0,2.0,0.0,-2.0,2.0,-1.0,3.0,76%,76%,0%,608369.0,119.0,LAD,SS,26.0,95.0,,4.51,27.0,,,,,,,,,,,
398,398,398,398,398,398,Seager,Kyle,572122.0,Mariners,,3B,2.0,3.0,2.0,-1.0,1.0,1.0,2.0,1.0,65%,64%,1%,572122.0,136.0,SEA,3B,32.0,67.0,,4.56,25.4,,,,,,,,,,,
399,399,399,399,399,399,Segura,Jean,516416.0,Phillies,,SS,4.0,5.0,4.0,0.0,2.0,0.0,2.0,3.0,75%,72%,3%,516416.0,143.0,PHI,2B,30.0,68.0,,4.24,28.3,,,,,,,,,,,
400,400,400,400,400,400,Semien,Marcus,543760.0,Athletics,,SS,-8.0,-11.0,-2.0,-3.0,-6.0,0.0,-5.0,-6.0,72%,76%,-4%,543760.0,133.0,OAK,SS,29.0,71.0,,4.36,28.1,,,,,,,,,,,
401,401,401,401,401,401,Senzel,Nick,669222.0,Reds,,CF,0.0,0.0,0.0,-1.0,1.0,0.0,0.0,0.0,91%,91%,0%,669222.0,113.0,CIN,CF,25.0,26.0,2.0,4.39,29.3,669222.0,2020.0,0.0,50.0,-2.4,-1.8,1.7,-1.2,33.6,8.0,4.0
402,402,402,402,402,402,Shaw,Travis,543768.0,Blue Jays,,3B,0.0,0.0,-2.0,1.0,1.0,0.0,0.0,0.0,73%,73%,0%,543768.0,141.0,TOR,3B,30.0,37.0,,4.65,25.0,,,,,,,,,,,
403,403,403,403,403,403,Sierra,Magneuris,642423.0,Marlins,,CF,0.0,1.0,0.0,-1.0,0.0,1.0,0.0,0.0,92%,91%,1%,642423.0,146.0,MIA,CF,24.0,26.0,6.0,4.08,28.9,642423.0,2020.0,0.0,55.6,0.6,0.2,-0.4,-0.2,32.7,9.0,5.0
404,404,404,404,404,404,Simmons,Andrelton,592743.0,Angels,,SS,-1.0,-1.0,2.0,-1.0,-1.0,-1.0,1.0,-1.0,76%,77%,-1%,592743.0,108.0,LAA,SS,30.0,63.0,,4.64,26.1,,,,,,,,,,,
405,405,405,405,405,405,Slater,Austin,596103.0,Giants,,CF,0.0,0.0,0.0,0.0,0.0,0.0,0.0,0.0,90%,90%,0%,596103.0,137.0,SF,DH,27.0,25.0,,4.43,27.8,596103.0,2020.0,0.0,40.0,2.3,2.3,-5.2,-0.7,30.2,5.0,2.0
406,406,406,406,406,406,Smith Jr.,Dwight,596105.0,Orioles,,LF,-4.0,-4.0,0.0,-1.0,-2.0,-2.0,-3.0,-1.0,74%,86%,-12%,596105.0,110.0,BAL,LF,27.0,19.0,,,25.6,596105.0,2020.0,-3.0,22.2,2.0,0.6,-7.2,-2.5,29.1,9.0,2.0
407,407,407,407,407,407,Smith,Dominic,642086.0,Mets,,1B,-6.0,-7.0,1.0,-4.0,-2.0,-1.0,-1.0,-6.0,65%,75%,-10%,642086.0,121.0,NYM,1B,25.0,62.0,,4.5,25.9,642086.0,2020.0,0.0,60.0,-2.1,-0.1,-0.1,-2.4,29.2,5.0,3.0
408,408,408,408,408,408,Smith,Mallex,605480.0,Mariners,,CF,-3.0,-3.0,-1.0,-2.0,0.0,0.0,-1.0,-2.0,79%,90%,-11%,605480.0,136.0,SEA,RF,27.0,22.0,,4.16,28.8,605480.0,2020.0,-1.0,20.0,-0.8,-1.2,1.7,-1.4,32.1,5.0,1.0
409,409,409,409,409,409,Smith,Pavin,656976.0,D-backs,,RF,0.0,0.0,-1.0,0.0,0.0,0.0,0.0,0.0,75%,75%,0%,656976.0,109.0,AZ,1B,24.0,12.0,,,26.6,,,,,,,,,,,
410,410,410,410,410,410,Smoak,Justin,475253.0,Brewers,,1B,-2.0,-2.0,-1.0,-1.0,0.0,-1.0,-3.0,1.0,60%,64%,-4%,475253.0,137.0,SF,1B,33.0,30.0,,,22.9,,,,,,,,,,,
411,411,411,411,411,411,Sogard,Eric,519299.0,Brewers,,2B,1.0,1.0,1.0,2.0,-2.0,0.0,-1.0,2.0,73%,72%,1%,519299.0,158.0,MIL,3B,34.0,42.0,,4.53,25.7,,,,,,,,,,,
412,412,412,412,412,412,Solak,Nick,669256.0,Rangers,,2B,-6.0,-8.0,1.0,-4.0,-5.0,0.0,-5.0,-2.0,73%,79%,-6%,669256.0,140.0,TEX,LF,25.0,91.0,,4.25,28.6,669256.0,2020.0,-3.0,25.0,-1.5,-0.7,-0.2,-2.4,29.0,24.0,6.0
413,413,413,413,413,413,Solano,Donovan,456781.0,Giants,,2B,-6.0,-7.0,-5.0,-1.0,-1.0,0.0,-4.0,-3.0,68%,74%,-6%,456781.0,137.0,SF,2B,32.0,60.0,,4.46,26.6,,,,,,,,,,,
414,414,414,414,414,414,Soler,Jorge,624585.0,Royals,,RF,0.0,0.0,0.0,0.0,0.0,0.0,0.0,0.0,92%,90%,2%,624585.0,118.0,KC,DH,28.0,42.0,,4.71,26.5,,,,,,,,,,,
415,415,415,415,415,415,Soto,Elliot,519303.0,Angels,,SS,0.0,1.0,1.0,0.0,0.0,0.0,1.0,0.0,75%,68%,7%,519303.0,108.0,LAA,SS,30.0,5.0,,,27.6,,,,,,,,,,,
416,416,416,416,416,416,Soto,Juan,665742.0,Nationals,,RF,-2.0,-3.0,0.0,1.0,-2.0,-1.0,-1.0,-1.0,80%,83%,-3%,665742.0,120.0,WSH,LF,21.0,63.0,,4.29,26.2,665742.0,2020.0,-3.0,20.0,0.1,0.8,0.0,0.7,33.8,20.0,4.0
417,417,417,417,417,417,Souza Jr.,Steven,519306.0,Cubs,,RF,0.0,0.0,0.0,-1.0,0.0,0.0,0.0,-1.0,92%,96%,-4%,519306.0,112.0,CHC,RF,31.0,5.0,,,27.3,,,,,,,,,,,
418,418,418,418,418,418,Springer,George,543807.0,Astros,,CF,1.0,1.0,0.0,0.0,1.0,0.0,2.0,-1.0,90%,88%,2%,543807.0,117.0,HOU,CF,30.0,74.0,6.0,4.33,28.2,543807.0,2020.0,0.0,50.0,0.2,-0.3,0.5,0.4,33.7,26.0,13.0
419,419,419,419,419,419,Starling,Bubba,605490.0,Royals,,CF,1.0,2.0,0.0,0.0,2.0,0.0,1.0,1.0,91%,87%,4%,605490.0,118.0,KC,CF,27.0,20.0,,,28.0,605490.0,2020.0,1.0,62.5,1.0,0.4,-1.0,0.2,34.1,8.0,5.0
420,420,420,420,420,420,Stevenson,Andrew,664057.0,Nationals,,LF,1.0,1.0,0.0,0.0,0.0,0.0,1.0,0.0,92%,90%,2%,664057.0,120.0,WSH,LF,26.0,18.0,,,28.3,664057.0,2020.0,0.0,60.0,-0.2,-1.8,-0.6,-2.7,31.1,5.0,3.0
421,421,421,421,421,421,Stewart,Christin,621514.0,Tigers,,LF,0.0,0.0,0.0,0.0,0.0,-1.0,0.0,-1.0,85%,85%,0%,621514.0,116.0,DET,LF,26.0,17.0,,,26.3,621514.0,2020.0,-1.0,36.4,-2.3,-0.7,0.9,-2.7,28.2,11.0,4.0
422,422,422,422,422,422,Stewart,DJ,621466.0,Orioles,,RF,0.0,0.0,1.0,0.0,0.0,-1.0,2.0,-2.0,88%,88%,0%,621466.0,110.0,BAL,RF,26.0,20.0,,,26.2,621466.0,2020.0,0.0,46.7,-0.7,-0.2,-0.7,-1.7,28.7,15.0,7.0
423,423,423,423,423,423,Story,Trevor,596115.0,Rockies,,SS,0.0,0.0,1.0,0.0,1.0,-1.0,3.0,-3.0,74%,74%,0%,596115.0,115.0,COL,SS,27.0,65.0,4.0,4.27,29.0,,,,,,,,,,,
424,424,424,424,424,424,Strange-Gordon,Dee,543829.0,Mariners,,2B,-3.0,-4.0,0.0,-2.0,-3.0,1.0,-3.0,0.0,80%,87%,-7%,543829.0,136.0,SEA,2B,32.0,27.0,1.0,4.18,28.3,,,,,,,,,,,
425,425,425,425,425,425,Straw,Myles,664702.0,Astros,,CF,1.0,1.0,0.0,1.0,0.0,0.0,1.0,1.0,88%,86%,2%,664702.0,117.0,HOU,CF,25.0,27.0,4.0,4.18,28.6,664702.0,2020.0,1.0,50.0,0.8,0.9,0.4,2.0,35.9,10.0,5.0
426,426,426,426,426,426,Stubbs,Garrett,596117.0,Astros,,LF,0.0,0.0,0.0,0.0,0.0,0.0,0.0,0.0,67%,60%,7%,,,,,,,,,,,,,,,,,,,,
427,427,427,427,427,427,Suarez,Eugenio,553993.0,Reds,,3B,1.0,1.0,1.0,2.0,-1.0,-1.0,0.0,1.0,69%,69%,0%,553993.0,113.0,CIN,3B,28.0,49.0,,4.69,25.9,,,,,,,,,,,
428,428,428,428,428,428,Swanson,Dansby,621020.0,Braves,,SS,6.0,8.0,7.0,3.0,-1.0,-1.0,4.0,4.0,81%,78%,3%,621020.0,144.0,ATL,SS,26.0,83.0,3.0,4.34,28.5,,,,,,,,,,,
429,429,429,429,429,429,Sanchez,Jesus,660821.0,Marlins,,CF,0.0,0.0,1.0,-1.0,0.0,0.0,-1.0,0.0,85%,87%,-2%,660821.0,146.0,MIA,RF,22.0,8.0,,,27.1,660821.0,2020.0,0.0,60.0,2.7,0.0,-0.3,2.4,34.4,5.0,3.0
430,430,430,430,430,430,Tapia,Raimel,606132.0,Rockies,,LF,-1.0,-1.0,1.0,-2.0,0.0,0.0,-2.0,1.0,83%,84%,-1%,606132.0,115.0,COL,LF,26.0,94.0,5.0,4.26,28.2,606132.0,2020.0,-1.0,50.0,0.4,-0.1,-0.4,-0.3,32.1,26.0,13.0
431,431,431,431,431,431,Tatis Jr.,Fernando,665487.0,Padres,,SS,5.0,6.0,3.0,1.0,1.0,2.0,3.0,3.0,72%,69%,3%,665487.0,135.0,SD,SS,21.0,87.0,12.0,4.26,29.4,,,,,,,,,,,
432,432,432,432,432,432,Tauchman,Mike,643565.0,Yankees,,LF,1.0,1.0,1.0,0.0,0.0,0.0,0.0,1.0,89%,87%,2%,643565.0,147.0,NYY,LF,29.0,36.0,,4.32,27.1,643565.0,2020.0,0.0,11.1,3.9,2.8,-4.2,3.5,37.3,9.0,1.0
433,433,433,433,433,433,Taveras,Leody,665750.0,Rangers,,CF,0.0,0.0,-1.0,-2.0,2.0,0.0,0.0,0.0,90%,90%,0%,665750.0,140.0,TEX,CF,21.0,30.0,8.0,,29.1,665750.0,2020.0,0.0,55.6,1.6,0.6,-0.2,1.7,35.9,18.0,10.0
434,434,434,434,434,434,Taylor,Chris,621035.0,Dodgers,,SS,2.0,3.0,2.0,0.0,0.0,1.0,2.0,1.0,82%,80%,2%,621035.0,119.0,LAD,2B,29.0,84.0,,4.37,28.4,621035.0,2020.0,0.0,66.7,0.2,0.2,-0.2,0.4,32.9,9.0,6.0
435,435,435,435,435,435,Taylor,Michael A.,572191.0,Nationals,,CF,1.0,2.0,1.0,0.0,1.0,0.0,0.0,2.0,91%,89%,2%,572191.0,120.0,WSH,RF,29.0,31.0,1.0,4.3,28.2,572191.0,2020.0,1.0,53.8,0.8,-0.2,0.5,2.4,36.2,13.0,7.0
436,436,436,436,436,436,Taylor,Tyrone,621438.0,Brewers,,CF,1.0,1.0,0.0,0.0,1.0,0.0,0.0,1.0,95%,90%,5%,621438.0,158.0,MIL,RF,26.0,15.0,,,28.4,621438.0,2020.0,1.0,80.0,-2.3,0.7,0.3,-1.0,31.0,5.0,4.0
437,437,437,437,437,437,Tejeda,Anderson,660731.0,Rangers,,SS,-2.0,-2.0,-2.0,1.0,-1.0,0.0,1.0,-3.0,72%,75%,-3%,660731.0,140.0,TEX,SS,22.0,24.0,,,27.3,,,,,,,,,,,
438,438,438,438,438,438,Tellez,Rowdy,642133.0,Blue Jays,,1B,-1.0,-1.0,1.0,-1.0,0.0,-1.0,-2.0,0.0,64%,67%,-3%,642133.0,141.0,TOR,1B,25.0,45.0,,4.74,25.3,,,,,,,,,,,
439,439,439,439,439,439,Thaiss,Matt,642136.0,Angels,,3B,-1.0,-2.0,-1.0,-1.0,0.0,0.0,0.0,-1.0,46%,59%,-13%,642136.0,108.0,LAA,1B,25.0,5.0,,,26.0,,,,,,,,,,,
440,440,440,440,440,440,Thames,Eric,519346.0,Nationals,,1B,-1.0,-1.0,0.0,-1.0,0.0,0.0,-1.0,1.0,75%,77%,-2%,519346.0,120.0,WSH,1B,33.0,34.0,,4.43,25.9,,,,,,,,,,,
441,441,441,441,441,441,Thomas,Lane,657041.0,Cardinals,,CF,0.0,1.0,0.0,0.0,0.0,0.0,0.0,1.0,88%,85%,3%,657041.0,138.0,STL,CF,24.0,11.0,,,28.3,657041.0,2020.0,1.0,66.7,-0.8,0.4,-0.5,-1.8,32.2,6.0,4.0
442,442,442,442,442,442,Toro,Abraham,647351.0,Astros,,2B,0.0,-1.0,0.0,-1.0,0.0,0.0,-1.0,0.0,69%,71%,-2%,647351.0,117.0,HOU,3B,23.0,31.0,,4.29,27.2,,,,,,,,,,,
443,443,443,443,443,443,Torres,Gleyber,650402.0,Yankees,,2B,-1.0,-2.0,1.0,-3.0,0.0,0.0,-3.0,1.0,73%,74%,-1%,650402.0,147.0,NYY,SS,23.0,55.0,,4.58,26.4,,,,,,,,,,,
444,444,444,444,444,444,Torreyes,Ronald,591720.0,Phillies,,3B,0.0,0.0,0.0,0.0,0.0,0.0,0.0,0.0,83%,80%,3%,591720.0,143.0,PHI,SS,27.0,5.0,,,26.5,,,,,,,,,,,
445,445,445,445,445,445,Trout,Mike,545361.0,Angels,,CF,0.0,0.0,-1.0,2.0,0.0,0.0,-1.0,1.0,88%,88%,0%,545361.0,108.0,LAA,CF,28.0,46.0,5.0,4.33,28.9,545361.0,2020.0,-2.0,48.4,-1.2,-2.4,1.1,-3.1,30.7,31.0,15.0
446,446,446,446,446,446,Tsutsugo,Yoshi,660294.0,Rays,,1B,-1.0,-2.0,0.0,0.0,-2.0,0.0,-1.0,0.0,71%,75%,-4%,660294.0,139.0,TB,DH,28.0,49.0,,4.51,25.8,,,,,,,,,,,
447,447,447,447,447,447,Tucker,Cole,657061.0,Pirates,,SS,-2.0,-2.0,0.0,-1.0,-1.0,0.0,0.0,-2.0,79%,82%,-3%,657061.0,134.0,PIT,CF,23.0,38.0,1.0,,28.5,657061.0,2020.0,-2.0,20.0,-0.1,-0.2,0.4,0.0,32.4,15.0,3.0
448,448,448,448,448,448,Tucker,Kyle,663656.0,Astros,,RF,4.0,4.0,0.0,3.0,1.0,0.0,1.0,3.0,92%,89%,3%,663656.0,117.0,HOU,LF,23.0,83.0,,4.34,27.6,663656.0,2020.0,3.0,65.5,0.4,0.5,-0.3,0.4,33.4,29.0,19.0
449,449,449,449,449,449,Turner,Justin,457759.0,Dodgers,,3B,1.0,1.0,-2.0,0.0,3.0,0.0,3.0,-2.0,74%,73%,1%,457759.0,119.0,LAD,3B,35.0,66.0,,4.76,25.4,,,,,,,,,,,
450,450,450,450,450,450,Turner,Trea,607208.0,Nationals,,SS,-2.0,-3.0,-3.0,1.0,-1.0,1.0,-2.0,-1.0,69%,70%,-1%,607208.0,120.0,WSH,SS,27.0,101.0,48.0,4.1,30.1,,,,,,,,,,,
451,451,451,451,451,451,Upton,Justin,457708.0,Angels,,LF,-2.0,-2.0,0.0,-1.0,-2.0,0.0,-2.0,-1.0,88%,91%,-3%,457708.0,108.0,LAA,LF,32.0,42.0,,4.62,26.9,457708.0,2020.0,-1.0,36.4,-1.3,-1.1,0.8,-1.2,32.0,11.0,4.0
452,452,452,452,452,452,Urshela,Gio,570482.0,Yankees,,3B,0.0,0.0,1.0,1.0,-1.0,0.0,-1.0,2.0,75%,75%,0%,570482.0,147.0,NYY,3B,28.0,57.0,,4.64,25.0,,,,,,,,,,,
453,453,453,453,453,453,Urias,Luis,649966.0,Brewers,,3B,3.0,4.0,2.0,1.0,0.0,1.0,2.0,2.0,81%,78%,3%,649966.0,158.0,MIL,3B,23.0,43.0,,4.45,27.0,,,,,,,,,,,
454,454,454,454,454,454,Urias,Ramon,602104.0,Orioles,,3B,-3.0,-4.0,-4.0,0.0,0.0,0.0,-1.0,-3.0,59%,74%,-15%,602104.0,110.0,BAL,SS,26.0,8.0,,,27.2,,,,,,,,,,,
455,455,455,455,455,455,Valaika,Pat,642162.0,Orioles,,2B,-4.0,-5.0,0.0,0.0,-4.0,-2.0,-7.0,2.0,74%,78%,-4%,642162.0,110.0,BAL,SS,27.0,41.0,,4.47,27.3,,,,,,,,,,,
456,456,456,456,456,456,VanMeter,Josh,642165.0,---,,2B,-1.0,-1.0,1.0,0.0,-1.0,-1.0,-1.0,0.0,72%,74%,-2%,642165.0,109.0,AZ,2B,25.0,20.0,,,26.6,,,,,,,,,,,
457,457,457,457,457,457,Vargas,Ildemaro,545121.0,---,,3B,-2.0,-2.0,0.0,-1.0,-1.0,-1.0,-2.0,0.0,79%,84%,-5%,545121.0,112.0,CHC,2B,28.0,27.0,,4.57,27.0,,,,,,,,,,,
458,458,458,458,458,458,Varsho,Daulton,662139.0,D-backs,,CF,1.0,1.0,0.0,1.0,0.0,0.0,1.0,0.0,90%,88%,2%,662139.0,109.0,AZ,CF,23.0,33.0,,4.13,28.3,662139.0,2020.0,1.0,54.5,0.7,0.8,-1.1,0.3,33.4,11.0,6.0
459,459,459,459,459,459,Velazquez,Andrew,623205.0,Orioles,,SS,1.0,1.0,1.0,1.0,-2.0,0.0,-1.0,1.0,83%,82%,1%,623205.0,110.0,BAL,SS,25.0,27.0,,,28.3,,,,,,,,,,,
460,460,460,460,460,460,Verdugo,Alex,657077.0,Red Sox,,LF,2.0,2.0,1.0,0.0,0.0,0.0,2.0,0.0,94%,92%,2%,657077.0,111.0,BOS,RF,24.0,90.0,1.0,4.25,27.5,657077.0,2020.0,3.0,73.3,1.5,0.8,0.1,2.4,33.5,15.0,11.0
461,461,461,461,461,461,Villar,Jonathan,542340.0,---,,2B,-9.0,-11.0,-3.0,0.0,-8.0,0.0,-6.0,-5.0,69%,76%,-7%,542340.0,141.0,TOR,2B,29.0,73.0,1.0,4.42,27.1,,,,,,,,,,,
462,462,462,462,462,462,Vogelbach,Daniel,596129.0,Brewers,,1B,0.0,0.0,0.0,0.0,0.0,0.0,0.0,0.0,78%,73%,5%,596129.0,158.0,MIL,DH,27.0,33.0,,4.89,24.1,,,,,,,,,,,
463,463,463,463,463,463,Vogt,Stephen,519390.0,D-backs,,1B,0.0,0.0,0.0,0.0,0.0,0.0,0.0,0.0,67%,61%,6%,519390.0,109.0,AZ,C,35.0,18.0,,,26.1,,,,,,,,,,,
464,464,464,464,464,464,Voit,Luke,572228.0,Yankees,,1B,-3.0,-4.0,0.0,-1.0,-3.0,0.0,-1.0,-2.0,70%,73%,-3%,572228.0,147.0,NYY,1B,29.0,66.0,,4.87,24.9,,,,,,,,,,,
465,465,465,465,465,465,Votto,Joey,458015.0,Reds,,1B,-4.0,-5.0,-2.0,-1.0,-1.0,-1.0,-1.0,-4.0,71%,75%,-4%,458015.0,113.0,CIN,1B,36.0,57.0,,4.7,25.2,,,,,,,,,,,
466,466,466,466,466,466,Wade Jr.,LaMonte,664774.0,Twins,,RF,0.0,0.0,0.0,0.0,0.0,0.0,0.0,0.0,88%,88%,0%,664774.0,142.0,MIN,1B,26.0,11.0,,,26.8,,,,,,,,,,,
467,467,467,467,467,467,Wade,Tyler,642180.0,Yankees,,2B,4.0,6.0,1.0,4.0,1.0,0.0,2.0,4.0,81%,76%,5%,642180.0,147.0,NYY,SS,25.0,36.0,,4.21,28.2,,,,,,,,,,,
468,468,468,468,468,468,Walker,Christian,572233.0,D-backs,,1B,0.0,0.0,1.0,-1.0,0.0,0.0,1.0,-1.0,74%,74%,0%,572233.0,109.0,AZ,1B,29.0,85.0,,4.5,26.9,,,,,,,,,,,
469,469,469,469,469,469,Walker,Neil,435522.0,Phillies,,2B,1.0,1.0,1.0,0.0,0.0,0.0,1.0,1.0,76%,72%,4%,435522.0,143.0,PHI,2B,34.0,10.0,,,24.9,,,,,,,,,,,
470,470,470,470,470,470,Walsh,Jared,665120.0,Angels,,1B,-1.0,-1.0,0.0,-2.0,0.0,0.0,0.0,-2.0,67%,70%,-3%,665120.0,108.0,LAA,1B,26.0,42.0,,4.5,26.5,,,,,,,,,,,
471,471,471,471,471,471,Walton,Donovan,622268.0,Mariners,,2B,0.0,0.0,0.0,0.0,0.0,0.0,0.0,0.0,73%,70%,3%,622268.0,136.0,SEA,SS,26.0,5.0,,,25.4,,,,,,,,,,,
472,472,472,472,472,472,Ward,Taylor,621493.0,Angels,,RF,-2.0,-2.0,-1.0,-1.0,-1.0,1.0,-2.0,-1.0,86%,91%,-5%,621493.0,108.0,LAA,RF,26.0,38.0,1.0,4.36,28.4,621493.0,2020.0,0.0,63.6,1.4,0.0,0.6,1.5,35.0,11.0,7.0
473,473,473,473,473,473,Wendle,Joey,621563.0,Rays,,2B,2.0,2.0,1.0,2.0,0.0,0.0,3.0,0.0,76%,75%,1%,621563.0,139.0,TB,3B,30.0,105.0,,4.25,28.2,,,,,,,,,,,
474,474,474,474,474,474,White,Eli,642201.0,Rangers,,LF,1.0,1.0,0.0,1.0,0.0,0.0,0.0,1.0,88%,86%,2%,642201.0,140.0,TEX,LF,26.0,17.0,8.0,,29.4,642201.0,2020.0,0.0,40.0,3.8,0.0,-0.1,3.6,36.6,5.0,2.0
475,475,475,475,475,475,White,Evan,657108.0,Mariners,,1B,4.0,5.0,1.0,3.0,1.0,1.0,2.0,3.0,78%,73%,5%,657108.0,136.0,SEA,1B,24.0,50.0,,4.38,28.2,,,,,,,,,,,
476,476,476,476,476,476,Whitefield,Aaron,664334.0,Twins,,CF,0.0,0.0,0.0,0.0,0.0,0.0,0.0,0.0,100%,99%,1%,,,,,,,,,,,,,,,,,,,,
477,477,477,477,477,477,Williams,Justin,642211.0,Cardinals,,RF,0.0,0.0,0.0,0.0,0.0,0.0,0.0,0.0,100%,90%,10%,,,,,,,,,,,,,,,,,,,,
478,478,478,478,478,478,Williams,Mason,592863.0,Orioles,,CF,0.0,0.0,0.0,-1.0,0.0,0.0,0.0,0.0,75%,79%,-4%,592863.0,110.0,BAL,CF,28.0,6.0,,,25.8,,,,,,,,,,,
479,479,479,479,479,479,Winker,Jesse,608385.0,Reds,,LF,-1.0,-1.0,0.0,0.0,-1.0,0.0,-1.0,0.0,87%,90%,-3%,608385.0,113.0,CIN,DH,26.0,44.0,,4.59,26.4,,,,,,,,,,,
480,480,480,480,480,480,Wisdom,Patrick,621550.0,Cubs,,3B,0.0,0.0,0.0,0.0,0.0,0.0,0.0,0.0,100%,98%,2%,,,,,,,,,,,,,,,,,,,,
481,481,481,481,481,481,Wolters,Tony,547172.0,Rockies,,2B,0.0,0.0,0.0,0.0,0.0,0.0,0.0,0.0,75%,76%,-1%,547172.0,115.0,COL,C,28.0,33.0,,4.62,26.0,,,,,,,,,,,
482,482,482,482,482,482,Wong,Kolten,543939.0,Cardinals,,2B,0.0,0.0,-1.0,2.0,-2.0,1.0,1.0,-1.0,79%,79%,0%,543939.0,138.0,STL,2B,29.0,79.0,,4.28,26.7,,,,,,,,,,,
483,483,483,483,483,483,Yastrzemski,Mike,573262.0,Giants,,RF,-4.0,-5.0,0.0,-1.0,-2.0,-1.0,-1.0,-4.0,86%,89%,-3%,573262.0,137.0,SF,RF,29.0,60.0,,4.34,27.5,573262.0,2020.0,-5.0,43.8,-0.3,-0.3,0.5,0.0,33.1,32.0,14.0
484,484,484,484,484,484,Yelich,Christian,592885.0,Brewers,,LF,-2.0,-3.0,-1.0,-1.0,-1.0,1.0,-2.0,-1.0,85%,88%,-3%,592885.0,158.0,MIL,LF,28.0,57.0,,4.37,28.1,592885.0,2020.0,-1.0,47.4,-1.4,-1.8,1.0,-2.7,30.1,19.0,9.0
485,485,485,485,485,485,Young,Andrew,670370.0,D-backs,,2B,-2.0,-2.0,0.0,-2.0,0.0,0.0,-2.0,0.0,40%,64%,-24%,670370.0,109.0,AZ,DH,26.0,11.0,,,28.1,,,,,,,,,,,
486,486,486,486,486,486,Zimmer,Bradley,605548.0,Guardians,,CF,-1.0,-1.0,-2.0,1.0,0.0,0.0,-1.0,0.0,79%,83%,-4%,605548.0,114.0,CLE,CF,27.0,9.0,1.0,,28.3,605548.0,2020.0,0.0,37.5,-1.8,0.3,1.0,-0.8,31.5,8.0,3.0
487,487,487,487,487,487,Ohtani,Shohei,,,,,,,,,,,,,,,,660271.0,108.0,LAA,DH,25.0,54.0,2.0,4.04,28.8,,,,,,,,,,,
488,488,488,488,488,488,Smith,Will,,,,,,,,,,,,,,,,669257.0,119.0,LAD,C,25.0,52.0,,4.53,27.8,,,,,,,,,,,
489,489,489,489,489,489,Contreras,Willson,,,,,,,,,,,,,,,,575929.0,112.0,CHC,C,28.0,74.0,,4.38,27.3,,,,,,,,,,,
490,490,490,490,490,490,Jansen,Danny,,,,,,,,,,,,,,,,643376.0,141.0,TOR,C,25.0,39.0,,4.61,27.2,,,,,,,,,,,
491,491,491,491,491,491,Huff,Sam,,,,,,,,,,,,,,,,669087.0,140.0,TEX,C,22.0,8.0,,,27.0,,,,,,,,,,,
492,492,492,492,492,492,Greiner,Grayson,,,,,,,,,,,,,,,,606988.0,116.0,DET,C,27.0,11.0,,,26.9,,,,,,,,,,,
493,493,493,493,493,493,Bart,Joey,,,,,,,,,,,,,,,,663698.0,137.0,SF,C,23.0,30.0,,4.61,26.8,,,,,,,,,,,
494,494,494,494,494,494,Taylor,Beau,,,,,,,,,,,,,,,,607333.0,114.0,CLE,C,30.0,7.0,,,26.7,,,,,,,,,,,
495,495,495,495,495,495,Severino,Pedro,,,,,,,,,,,,,,,,600474.0,110.0,BAL,C,26.0,47.0,,4.47,26.6,,,,,,,,,,,
496,496,496,496,496,496,Castro,Jason,,,,,,,,,,,,,,,,488771.0,135.0,SD,C,33.0,24.0,,,26.6,,,,,,,,,,,
497,497,497,497,497,497,Barnes,Austin,,,,,,,,,,,,,,,,605131.0,119.0,LAD,C,30.0,39.0,,4.64,26.5,,,,,,,,,,,
498,498,498,498,498,498,Stassi,Max,,,,,,,,,,,,,,,,545358.0,108.0,LAA,C,29.0,26.0,,4.73,26.5,,,,,,,,,,,
499,499,499,499,499,499,Phegley,Josh,,,,,,,,,,,,,,,,572033.0,112.0,CHC,,32.0,8.0,,,26.4,,,,,,,,,,,
500,500,500,500,500,500,Bemboom,Anthony,,,,,,,,,,,,,,,,621532.0,108.0,LAA,C,30.0,15.0,,4.61,26.4,,,,,,,,,,,
501,501,501,501,501,501,d'Arnaud,Travis,,,,,,,,,,,,,,,,518595.0,144.0,ATL,C,31.0,55.0,,4.66,26.3,,,,,,,,,,,
502,502,502,502,502,502,McCann,James,,,,,,,,,,,,,,,,543510.0,145.0,CWS,C,30.0,30.0,,4.78,26.1,,,,,,,,,,,
503,503,503,503,503,503,Torrens,Luis,,,,,,,,,,,,,,,,620443.0,136.0,SEA,C,24.0,21.0,,4.8,26.0,,,,,,,,,,,
504,504,504,504,504,504,Gomes,Yan,,,,,,,,,,,,,,,,543228.0,120.0,WSH,C,32.0,33.0,,4.67,26.0,,,,,,,,,,,
505,505,505,505,505,505,Heineman,Tyler,,,,,,,,,,,,,,,,623168.0,137.0,SF,C,29.0,10.0,,,25.9,,,,,,,,,,,
506,506,506,506,506,506,Mejia,Francisco,,,,,,,,,,,,,,,,642336.0,135.0,SD,C,24.0,10.0,,,25.7,,,,,,,,,,,
507,507,507,507,507,507,Higashioka,Kyle,,,,,,,,,,,,,,,,543309.0,147.0,NYY,C,30.0,18.0,,4.72,25.7,,,,,,,,,,,
508,508,508,508,508,508,Stanton,Giancarlo,,,,,,,,,,,,,,,,519317.0,147.0,NYY,DH,30.0,33.0,,4.87,25.7,,,,,,,,,,,
509,509,509,509,509,509,Jeffers,Ryan,,,,,,,,,,,,,,,,680777.0,142.0,MIN,C,23.0,16.0,,4.75,25.6,,,,,,,,,,,
510,510,510,510,510,510,Murphy,John Ryan,,,,,,,,,,,,,,,,571974.0,134.0,PIT,C,29.0,11.0,,,25.6,,,,,,,,,,,
511,511,511,511,511,511,Murphy,Sean,,,,,,,,,,,,,,,,669221.0,133.0,OAK,C,25.0,51.0,,4.7,25.6,,,,,,,,,,,
512,512,512,512,512,512,Garneau,Dustin,,,,,,,,,,,,,,,,572863.0,117.0,HOU,C,32.0,8.0,,,25.6,,,,,,,,,,,
513,513,513,513,513,513,Kelly,Carson,,,,,,,,,,,,,,,,608348.0,109.0,AZ,C,25.0,37.0,,4.84,25.6,,,,,,,,,,,
514,514,514,514,514,514,Davis,Khris,,,,,,,,,,,,,,,,501981.0,133.0,OAK,DH,32.0,25.0,,4.83,25.5,,,,,,,,,,,
515,515,515,515,515,515,Diaz,Elias,,,,,,,,,,,,,,,,553869.0,115.0,COL,C,29.0,19.0,,,25.5,,,,,,,,,,,
516,516,516,516,516,516,Nottingham,Jacob,,,,,,,,,,,,,,,,641924.0,158.0,MIL,C,25.0,15.0,,,25.4,,,,,,,,,,,
517,517,517,517,517,517,Encarnacion,Edwin,,,,,,,,,,,,,,,,429665.0,145.0,CWS,DH,37.0,43.0,,4.78,25.4,,,,,,,,,,,
518,518,518,518,518,518,Mathis,Jeff,,,,,,,,,,,,,,,,425772.0,140.0,TEX,C,37.0,11.0,,,25.4,,,,,,,,,,,
519,519,519,519,519,519,Knizner,Andrew,,,,,,,,,,,,,,,,668800.0,138.0,STL,C,25.0,6.0,,,25.4,,,,,,,,,,,
520,520,520,520,520,520,Heim,Jonah,,,,,,,,,,,,,,,,641680.0,133.0,OAK,C,25.0,14.0,,,25.3,,,,,,,,,,,
521,521,521,521,521,521,Zunino,Mike,,,,,,,,,,,,,,,,572287.0,139.0,TB,C,29.0,17.0,,,25.2,,,,,,,,,,,
522,522,522,522,522,522,Cruz,Nelson,,,,,,,,,,,,,,,,443558.0,142.0,MIN,DH,39.0,59.0,,4.73,25.2,,,,,,,,,,,
523,523,523,523,523,523,Tromp,Chadwick,,,,,,,,,,,,,,,,644433.0,137.0,SF,C,25.0,16.0,,4.77,25.1,,,,,,,,,,,
524,524,524,524,524,524,Sanchez,Gary,,,,,,,,,,,,,,,,596142.0,147.0,NYY,C,27.0,28.0,,4.71,25.0,,,,,,,,,,,
525,525,525,525,525,525,Vazquez,Christian,,,,,,,,,,,,,,,,543877.0,111.0,BOS,C,29.0,53.0,,4.65,25.0,,,,,,,,,,,
526,526,526,526,526,526,McGuire,Reese,,,,,,,,,,,,,,,,624512.0,141.0,TOR,C,25.0,14.0,,4.53,24.9,,,,,,,,,,,
527,527,527,527,527,527,Perez,Roberto,,,,,,,,,,,,,,,,547379.0,114.0,CLE,C,31.0,29.0,,4.76,24.9,,,,,,,,,,,
528,528,528,528,528,528,Gallagher,Cam,,,,,,,,,,,,,,,,595956.0,118.0,KC,C,27.0,24.0,,4.79,24.9,,,,,,,,,,,
529,529,529,529,529,529,Nido,Tomas,,,,,,,,,,,,,,,,621512.0,121.0,NYM,C,26.0,11.0,,,24.8,,,,,,,,,,,
530,530,530,530,530,530,Smith,Kevan,,,,,,,,,,,,,,,,607345.0,139.0,TB,C,32.0,15.0,,,24.7,,,,,,,,,,,
531,531,531,531,531,531,Cervelli,Francisco,,,,,,,,,,,,,,,,465041.0,146.0,MIA,C,34.0,14.0,,,24.5,,,,,,,,,,,
532,532,532,532,532,532,Narvaez,Omar,,,,,,,,,,,,,,,,553882.0,158.0,MIL,C,28.0,26.0,,,24.3,,,,,,,,,,,
533,533,533,533,533,533,Flowers,Tyler,,,,,,,,,,,,,,,,452095.0,144.0,ATL,C,34.0,18.0,,,24.2,,,,,,,,,,,
534,534,534,534,534,534,Odom,Joseph,,,,,,,,,,,,,,,,641929.0,136.0,SEA,C,28.0,11.0,,,24.2,,,,,,,,,,,
535,535,535,535,535,535,Sisco,Chance,,,,,,,,,,,,,,,,642082.0,110.0,BAL,C,25.0,21.0,,4.74,24.2,,,,,,,,,,,
536,536,536,536,536,536,Casali,Curt,,,,,,,,,,,,,,,,592200.0,113.0,CIN,C,31.0,19.0,,,24.1,,,,,,,,,,,
537,537,537,537,537,537,Suzuki,Kurt,,,,,,,,,,,,,,,,435559.0,120.0,WSH,C,36.0,35.0,,,24.1,,,,,,,,,,,
538,538,538,538,538,538,Collins,Zack,,,,,,,,,,,,,,,,641470.0,145.0,CWS,DH,25.0,5.0,,,24.0,,,,,,,,,,,
539,539,539,539,539,539,Trevino,Jose,,,,,,,,,,,,,,,,624431.0,140.0,TEX,C,27.0,31.0,,4.8,24.0,,,,,,,,,,,
540,540,540,540,540,540,Avila,Alex,,,,,,,,,,,,,,,,488671.0,142.0,MIN,C,33.0,10.0,,,24.0,,,,,,,,,,,
541,541,541,541,541,541,Cespedes,Yoenis,,,,,,,,,,,,,,,,493316.0,121.0,NYM,DH,34.0,8.0,,,23.8,,,,,,,,,,,
542,542,542,542,542,542,Wallach,Chad,,,,,,,,,,,,,,,,595453.0,146.0,MIA,C,28.0,21.0,,5.1,23.7,,,,,,,,,,,
543,543,543,543,543,543,Hedges,Austin,,,,,,,,,,,,,,,,595978.0,114.0,CLE,C,27.0,17.0,,,23.7,,,,,,,,,,,
544,544,544,544,544,544,Wieters,Matt,,,,,,,,,,,,,,,,446308.0,138.0,STL,C,34.0,7.0,,,23.7,,,,,,,,,,,
545,545,545,545,545,545,Viloria,Meibrys,,,,,,,,,,,,,,,,650619.0,118.0,KC,C,23.0,8.0,,,23.7,,,,,,,,,,,
546,546,546,546,546,546,Leon,Sandy,,,,,,,,,,,,,,,,506702.0,114.0,CLE,C,31.0,14.0,,,23.6,,,,,,,,,,,
547,547,547,547,547,547,Lavarnway,Ryan,,,,,,,,,,,,,,,,543432.0,146.0,MIA,C,32.0,6.0,,,23.6,,,,,,,,,,,
548,548,548,548,548,548,Maldonado,Martin,,,,,,,,,,,,,,,,455117.0,117.0,HOU,C,33.0,37.0,,,23.6,,,,,,,,,,,
549,549,549,549,549,549,Kirk,Alejandro,,,,,,,,,,,,,,,,672386.0,141.0,TOR,C,21.0,8.0,,,23.6,,,,,,,,,,,
550,550,550,550,550,550,Stallings,Jacob,,,,,,,,,,,,,,,,607732.0,134.0,PIT,C,30.0,39.0,,5.11,23.5,,,,,,,,,,,
551,551,551,551,551,551,Chirinos,Robinson,,,,,,,,,,,,,,,,455139.0,121.0,NYM,C,36.0,24.0,,5.01,23.3,,,,,,,,,,,
552,552,552,552,552,552,Ramos,Wilson,,,,,,,,,,,,,,,,467092.0,121.0,NYM,C,32.0,48.0,,5.0,23.3,,,,,,,,,,,
553,553,553,553,553,553,Cabrera,Miguel,,,,,,,,,,,,,,,,408234.0,116.0,DET,DH,37.0,49.0,,,23.1,,,,,,,,,,,
